contrast,parcel,cluster,NETWORK,GLASSERLABELNAME,HEMISPHERE,prop
CUE_AVG,1,1002,Visual1,L_V1_ROI,L,0.942238267148014
CUE_AVG,2,1002,Visual2,L_MST_ROI,L,0.876712328767123
CUE_AVG,3,1002,Visual2,L_V6_ROI,L,0.982456140350877
CUE_AVG,4,1002,Visual2,L_V2_ROI,L,0.975767366720517
CUE_AVG,5,1002,Visual2,L_V3_ROI,L,0.997032640949555
CUE_AVG,6,1002,Visual2,L_V4_ROI,L,1
CUE_AVG,7,1002,Visual2,L_V8_ROI,L,1
CUE_AVG,10,1001,Cingulo-Opercular,L_FEF_ROI,L,0.908496732026144
CUE_AVG,11,1001,Dorsal-Attention,L_PEF_ROI,L,1
CUE_AVG,12,1001,Language,L_55b_ROI,L,0.938461538461539
CUE_AVG,13,1002,Visual2,L_V3A_ROI,L,0.986754966887417
CUE_AVG,14,1002,Frontoparietal,L_RSC_ROI,L,0.57345971563981
CUE_AVG,15,1002,Frontoparietal,L_POS2_ROI,L,0.952
CUE_AVG,16,1002,Visual2,L_V7_ROI,L,1
CUE_AVG,17,1002,Visual2,L_IPS1_ROI,L,1
CUE_AVG,18,1002,Visual2,L_FFC_ROI,L,1
CUE_AVG,19,1002,Visual2,L_V3B_ROI,L,1
CUE_AVG,20,1002,Visual2,L_LO1_ROI,L,1
CUE_AVG,21,1002,Visual2,L_LO2_ROI,L,1
CUE_AVG,22,1002,Visual2,L_PIT_ROI,L,1
CUE_AVG,23,1002,Visual2,L_MT_ROI,L,1
CUE_AVG,27,1002,Posterior-Multimodal,L_PCV_ROI,L,0.597560975609756
CUE_AVG,28,1002,Language,L_STV_ROI,L,0.630434782608696
CUE_AVG,29,1002,Frontoparietal,L_7Pm_ROI,L,0.797872340425532
CUE_AVG,34,1002,Default,L_d23ab_ROI,L,0.613636363636364
CUE_AVG,42,1,Somatomotor,L_7AL_ROI,L,0.67156862745098
CUE_AVG,43,1001,Cingulo-Opercular,L_SCEF_ROI,L,0.995073891625616
CUE_AVG,44,1001,Cingulo-Opercular,L_6ma_ROI,L,0.5
CUE_AVG,46,1002,Dorsal-Attention,L_7PL_ROI,L,1
CUE_AVG,48,1002,Visual2,L_LIPv_ROI,L,1
CUE_AVG,49,1002,Visual2,L_VIP_ROI,L,0.862068965517241
CUE_AVG,50,1002,Dorsal-Attention,L_MIP_ROI,L,1
CUE_AVG,56,1001,Somatomotor,L_6v_ROI,L,0.658823529411765
CUE_AVG,58,1002,Cingulo-Opercular,L_33pr_ROI,L,0.509090909090909
CUE_AVG,60,1001,Cingulo-Opercular,L_p32pr_ROI,L,0.755395683453237
CUE_AVG,65,7,Default,L_10r_ROI,L,0.840425531914894
CUE_AVG,73,1001,Frontoparietal,L_8C_ROI,L,0.750972762645914
CUE_AVG,74,1001,Language,L_44_ROI,L,0.546762589928058
CUE_AVG,78,1001,Cingulo-Opercular,L_6r_ROI,L,0.586776859504132
CUE_AVG,79,1001,Language,L_IFJa_ROI,L,1
CUE_AVG,80,1001,Frontoparietal,L_IFJp_ROI,L,1
CUE_AVG,81,1001,Language,L_IFSp_ROI,L,0.941747572815534
CUE_AVG,82,1001,Frontoparietal,L_IFSa_ROI,L,0.742138364779874
CUE_AVG,83,1001,Frontoparietal,L_p9-46v_ROI,L,0.6953125
CUE_AVG,95,1002,Dorsal-Attention,L_LIPd_ROI,L,1
CUE_AVG,96,1001,Dorsal-Attention,L_6a_ROI,L,0.855555555555556
CUE_AVG,97,1001,Frontoparietal,L_i6-8_ROI,L,0.953488372093023
CUE_AVG,98,1001,Frontoparietal,L_s6-8_ROI,L,0.872727272727273
CUE_AVG,103,3,Auditory,L_52_ROI,L,0.875
CUE_AVG,105,3,Cingulo-Opercular,L_PFcm_ROI,L,0.702290076335878
CUE_AVG,107,3,Auditory,L_TA2_ROI,L,0.577464788732394
CUE_AVG,111,1004,Frontoparietal,L_AVI_ROI,L,0.666666666666667
CUE_AVG,112,1004,Orbito-Affective,L_AAIC_ROI,L,0.5
CUE_AVG,114,4,Cingulo-Opercular,L_FOP3_ROI,L,0.642857142857143
CUE_AVG,117,1002,Dorsal-Attention,L_AIP_ROI,L,0.656957928802589
CUE_AVG,119,1002,Default,L_PreS_ROI,L,0.59748427672956
CUE_AVG,121,1002,Visual1,L_ProS_ROI,L,0.884057971014493
CUE_AVG,122,1002,Ventral-Multimodal,L_PeEc_ROI,L,0.628571428571429
CUE_AVG,123,1002,Language,L_STGa_ROI,L,0.929824561403509
CUE_AVG,124,3,Auditory,L_PBelt_ROI,L,0.981707317073171
CUE_AVG,125,1002,Language,L_A5_ROI,L,0.840579710144928
CUE_AVG,126,1002,Default,L_PHA1_ROI,L,0.796296296296296
CUE_AVG,127,1002,Dorsal-Attention,L_PHA3_ROI,L,0.816666666666667
CUE_AVG,128,1002,Language,L_STSda_ROI,L,0.983739837398374
CUE_AVG,129,1002,Language,L_STSdp_ROI,L,1
CUE_AVG,130,1002,Default,L_STSvp_ROI,L,0.591346153846154
CUE_AVG,133,1002,Frontoparietal,L_TE1p_ROI,L,0.857142857142857
CUE_AVG,135,1002,Ventral-Multimodal,L_TF_ROI,L,0.689189189189189
CUE_AVG,136,1002,Dorsal-Attention,L_TE2p_ROI,L,0.832
CUE_AVG,137,1002,Dorsal-Attention,L_PHT_ROI,L,0.571428571428571
CUE_AVG,138,1002,Visual2,L_PH_ROI,L,0.986666666666667
CUE_AVG,139,1002,Language,L_TPOJ1_ROI,L,0.983425414364641
CUE_AVG,141,1002,Posterior-Multimodal,L_TPOJ3_ROI,L,0.595238095238095
CUE_AVG,142,1002,Visual1,L_DVT_ROI,L,0.922480620155039
CUE_AVG,143,1002,Dorsal-Attention,L_PGp_ROI,L,0.666666666666667
CUE_AVG,144,1002,Frontoparietal,L_IP2_ROI,L,0.994949494949495
CUE_AVG,145,1002,Frontoparietal,L_IP1_ROI,L,1
CUE_AVG,146,1002,Dorsal-Attention,L_IP0_ROI,L,1
CUE_AVG,147,3,Cingulo-Opercular,L_PFop_ROI,L,0.748427672955975
CUE_AVG,149,1002,Frontoparietal,L_PFm_ROI,L,0.504911591355599
CUE_AVG,152,1002,Visual2,L_V6A_ROI,L,0.959183673469388
CUE_AVG,153,1002,Visual2,L_VMV1_ROI,L,1
CUE_AVG,154,1002,Visual2,L_VMV3_ROI,L,1
CUE_AVG,156,1002,Visual2,L_V4t_ROI,L,1
CUE_AVG,157,1002,Visual2,L_FST_ROI,L,0.663265306122449
CUE_AVG,158,1002,Visual2,L_V3CD_ROI,L,1
CUE_AVG,159,1002,Visual2,L_LO3_ROI,L,1
CUE_AVG,160,1002,Visual2,L_VMV2_ROI,L,1
CUE_AVG,162,1002,Default,L_31a_ROI,L,0.5625
CUE_AVG,163,1002,Visual2,L_VVC_ROI,L,1
CUE_AVG,167,3,Cingulo-Opercular,L_PoI1_ROI,L,0.668831168831169
CUE_AVG,170,1005,Frontoparietal,L_p10p_ROI,L,0.854545454545455
CUE_AVG,173,3,Auditory,L_MBelt_ROI,L,0.967032967032967
CUE_AVG,174,3,Auditory,L_LBelt_ROI,L,0.947368421052632
CUE_AVG,175,3,Auditory,L_A4_ROI,L,0.583333333333333
CUE_AVG,179,1001,Cingulo-Opercular,L_a32pr_ROI,L,0.7734375
CUE_AVG,181,1008,Visual1,R_V1_ROI,R,0.951715374841169
CUE_AVG,182,1008,Visual2,R_MST_ROI,R,0.631578947368421
CUE_AVG,183,1008,Visual2,R_V6_ROI,R,0.991869918699187
CUE_AVG,184,1008,Visual2,R_V2_ROI,R,0.991680532445923
CUE_AVG,185,1008,Visual2,R_V3_ROI,R,0.99135446685879
CUE_AVG,186,1008,Visual2,R_V4_ROI,R,1
CUE_AVG,187,1008,Visual2,R_V8_ROI,R,1
CUE_AVG,190,1009,Cingulo-Opercular,R_FEF_ROI,R,0.82122905027933
CUE_AVG,191,1009,Cingulo-Opercular,R_PEF_ROI,R,1
CUE_AVG,192,1009,Language,R_55b_ROI,R,0.85981308411215
CUE_AVG,193,1008,Visual2,R_V3A_ROI,R,0.986394557823129
CUE_AVG,194,1008,Frontoparietal,R_RSC_ROI,R,0.783549783549784
CUE_AVG,195,1008,Frontoparietal,R_POS2_ROI,R,1
CUE_AVG,196,1008,Visual2,R_V7_ROI,R,1
CUE_AVG,197,1008,Visual2,R_IPS1_ROI,R,1
CUE_AVG,198,1008,Visual2,R_FFC_ROI,R,1
CUE_AVG,199,1008,Visual2,R_V3B_ROI,R,1
CUE_AVG,200,1008,Visual2,R_LO1_ROI,R,1
CUE_AVG,201,1008,Visual2,R_LO2_ROI,R,1
CUE_AVG,202,1008,Visual2,R_PIT_ROI,R,1
CUE_AVG,203,1008,Visual2,R_MT_ROI,R,0.976190476190476
CUE_AVG,207,1008,Posterior-Multimodal,R_PCV_ROI,R,0.99390243902439
CUE_AVG,208,1008,Posterior-Multimodal,R_STV_ROI,R,0.885135135135135
CUE_AVG,209,1008,Frontoparietal,R_7Pm_ROI,R,1
CUE_AVG,210,1008,Default,R_7m_ROI,R,0.637037037037037
CUE_AVG,214,1008,Default,R_d23ab_ROI,R,0.723404255319149
CUE_AVG,215,1008,Default,R_31pv_ROI,R,0.504504504504505
CUE_AVG,222,9,Somatomotor,R_7AL_ROI,R,0.880239520958084
CUE_AVG,223,1009,Cingulo-Opercular,R_SCEF_ROI,R,0.512953367875648
CUE_AVG,226,1008,Dorsal-Attention,R_7PL_ROI,R,1
CUE_AVG,227,9,Somatomotor,R_7PC_ROI,R,0.551020408163265
CUE_AVG,228,1008,Visual2,R_LIPv_ROI,R,0.909090909090909
CUE_AVG,229,1008,Visual2,R_VIP_ROI,R,0.774774774774775
CUE_AVG,230,1008,Dorsal-Attention,R_MIP_ROI,R,1
CUE_AVG,238,1008,Frontoparietal,R_33pr_ROI,R,0.653333333333333
CUE_AVG,240,1009,Cingulo-Opercular,R_p32pr_ROI,R,0.586956521739131
CUE_AVG,242,1009,Frontoparietal,R_d32_ROI,R,0.869918699186992
CUE_AVG,248,1009,Default,R_8Ad_ROI,R,0.94560669456067
CUE_AVG,253,1009,Frontoparietal,R_8C_ROI,R,0.748971193415638
CUE_AVG,258,1009,Cingulo-Opercular,R_6r_ROI,R,0.551330798479088
CUE_AVG,259,1009,Language,R_IFJa_ROI,R,1
CUE_AVG,260,1009,Frontoparietal,R_IFJp_ROI,R,1
CUE_AVG,261,1009,Frontoparietal,R_IFSp_ROI,R,1
CUE_AVG,262,1009,Cingulo-Opercular,R_IFSa_ROI,R,0.775641025641026
CUE_AVG,263,1009,Frontoparietal,R_p9-46v_ROI,R,0.729281767955801
CUE_AVG,264,1009,Cingulo-Opercular,R_46_ROI,R,0.576131687242798
CUE_AVG,275,1008,Dorsal-Attention,R_LIPd_ROI,R,1
CUE_AVG,276,1009,Dorsal-Attention,R_6a_ROI,R,0.75811209439528
CUE_AVG,277,1009,Frontoparietal,R_i6-8_ROI,R,1
CUE_AVG,278,1009,Frontoparietal,R_s6-8_ROI,R,0.651162790697675
CUE_AVG,279,11,Cingulo-Opercular,R_43_ROI,R,0.57037037037037
CUE_AVG,281,10,Somatomotor,R_OP1_ROI,R,0.565217391304348
CUE_AVG,283,10,Auditory,R_52_ROI,R,0.905660377358491
CUE_AVG,284,10,Somatomotor,R_RI_ROI,R,0.65546218487395
CUE_AVG,285,10,Cingulo-Opercular,R_PFcm_ROI,R,1
CUE_AVG,287,10,Auditory,R_TA2_ROI,R,0.675675675675676
CUE_AVG,290,1008,Orbito-Affective,R_Pir_ROI,R,0.619289340101523
CUE_AVG,291,1008,Frontoparietal,R_AVI_ROI,R,0.833333333333333
CUE_AVG,292,1008,Orbito-Affective,R_AAIC_ROI,R,0.873015873015873
CUE_AVG,294,11,Cingulo-Opercular,R_FOP3_ROI,R,0.853333333333333
CUE_AVG,295,11,Somatomotor,R_FOP2_ROI,R,0.732558139534884
CUE_AVG,299,1008,Default,R_PreS_ROI,R,0.733727810650888
CUE_AVG,301,1008,Visual1,R_ProS_ROI,R,1
CUE_AVG,302,1008,Ventral-Multimodal,R_PeEc_ROI,R,0.608974358974359
CUE_AVG,303,1008,Language,R_STGa_ROI,R,0.9375
CUE_AVG,304,10,Auditory,R_PBelt_ROI,R,0.875
CUE_AVG,306,1008,Default,R_PHA1_ROI,R,0.955357142857143
CUE_AVG,307,1008,Dorsal-Attention,R_PHA3_ROI,R,1
CUE_AVG,308,1008,Default,R_STSda_ROI,R,0.99468085106383
CUE_AVG,309,1008,Language,R_STSdp_ROI,R,1
CUE_AVG,310,1008,Default,R_STSvp_ROI,R,0.735099337748344
CUE_AVG,313,1008,Frontoparietal,R_TE1p_ROI,R,0.774336283185841
CUE_AVG,315,1008,Ventral-Multimodal,R_TF_ROI,R,0.741214057507987
CUE_AVG,316,1008,Dorsal-Attention,R_TE2p_ROI,R,0.903448275862069
CUE_AVG,317,1008,Dorsal-Attention,R_PHT_ROI,R,0.834710743801653
CUE_AVG,318,1008,Visual2,R_PH_ROI,R,0.947674418604651
CUE_AVG,319,1008,Language,R_TPOJ1_ROI,R,0.939393939393939
CUE_AVG,320,1008,Posterior-Multimodal,R_TPOJ2_ROI,R,0.517482517482518
CUE_AVG,321,1008,Posterior-Multimodal,R_TPOJ3_ROI,R,0.968421052631579
CUE_AVG,322,1008,Visual1,R_DVT_ROI,R,0.992307692307692
CUE_AVG,323,1008,Dorsal-Attention,R_PGp_ROI,R,0.941176470588235
CUE_AVG,324,1008,Frontoparietal,R_IP2_ROI,R,1
CUE_AVG,325,1008,Frontoparietal,R_IP1_ROI,R,1
CUE_AVG,326,1008,Dorsal-Attention,R_IP0_ROI,R,1
CUE_AVG,327,10,Cingulo-Opercular,R_PFop_ROI,R,0.735483870967742
CUE_AVG,328,10,Cingulo-Opercular,R_PF_ROI,R,0.64490861618799
CUE_AVG,329,1008,Frontoparietal,R_PFm_ROI,R,0.526539278131635
CUE_AVG,331,1008,Default,R_PGs_ROI,R,0.62200956937799
CUE_AVG,332,1008,Visual2,R_V6A_ROI,R,0.957446808510638
CUE_AVG,333,1008,Visual2,R_VMV1_ROI,R,1
CUE_AVG,334,1008,Visual2,R_VMV3_ROI,R,1
CUE_AVG,335,1008,Default,R_PHA2_ROI,R,0.983606557377049
CUE_AVG,336,1008,Visual2,R_V4t_ROI,R,1
CUE_AVG,338,1008,Visual2,R_V3CD_ROI,R,1
CUE_AVG,339,1008,Visual2,R_LO3_ROI,R,1
CUE_AVG,340,1008,Visual2,R_VMV2_ROI,R,1
CUE_AVG,341,1008,Default,R_31pd_ROI,R,0.740740740740741
CUE_AVG,342,1008,Frontoparietal,R_31a_ROI,R,1
CUE_AVG,343,1008,Visual2,R_VVC_ROI,R,1
CUE_AVG,345,1012,Default,R_s32_ROI,R,0.865384615384615
CUE_AVG,347,10,Cingulo-Opercular,R_PoI1_ROI,R,0.680981595092025
CUE_AVG,350,1009,Frontoparietal,R_p10p_ROI,R,0.871621621621622
CUE_AVG,353,10,Auditory,R_MBelt_ROI,R,0.96
CUE_AVG,354,10,Auditory,R_LBelt_ROI,R,1
CUE_AVG,355,10,Auditory,R_A4_ROI,R,0.620320855614973
CUE_AVG,356,1008,Default,R_STSva_ROI,R,0.641975308641975
CUE_AVG,359,1009,Cingulo-Opercular,R_a32pr_ROI,R,0.984251968503937
CUE_HIGH,1,1002,Visual1,L_V1_ROI,L,0.938628158844765
CUE_HIGH,2,1002,Visual2,L_MST_ROI,L,0.904109589041096
CUE_HIGH,3,1002,Visual2,L_V6_ROI,L,0.973684210526316
CUE_HIGH,4,1002,Visual2,L_V2_ROI,L,0.978998384491115
CUE_HIGH,5,1002,Visual2,L_V3_ROI,L,1
CUE_HIGH,6,1002,Visual2,L_V4_ROI,L,1
CUE_HIGH,7,1002,Visual2,L_V8_ROI,L,1
CUE_HIGH,10,1001,Cingulo-Opercular,L_FEF_ROI,L,0.967320261437908
CUE_HIGH,11,1001,Dorsal-Attention,L_PEF_ROI,L,1
CUE_HIGH,12,1001,Language,L_55b_ROI,L,0.969230769230769
CUE_HIGH,13,1002,Visual2,L_V3A_ROI,L,0.980132450331126
CUE_HIGH,14,1002,Frontoparietal,L_RSC_ROI,L,0.582938388625593
CUE_HIGH,15,1002,Frontoparietal,L_POS2_ROI,L,0.932
CUE_HIGH,16,1002,Visual2,L_V7_ROI,L,1
CUE_HIGH,17,1002,Visual2,L_IPS1_ROI,L,1
CUE_HIGH,18,1002,Visual2,L_FFC_ROI,L,1
CUE_HIGH,19,1002,Visual2,L_V3B_ROI,L,1
CUE_HIGH,20,1002,Visual2,L_LO1_ROI,L,1
CUE_HIGH,21,1002,Visual2,L_LO2_ROI,L,1
CUE_HIGH,22,1002,Visual2,L_PIT_ROI,L,1
CUE_HIGH,23,1002,Visual2,L_MT_ROI,L,1
CUE_HIGH,26,1001,Language,L_SFL_ROI,L,0.6
CUE_HIGH,27,1002,Posterior-Multimodal,L_PCV_ROI,L,0.621951219512195
CUE_HIGH,28,1002,Language,L_STV_ROI,L,0.644927536231884
CUE_HIGH,29,1002,Frontoparietal,L_7Pm_ROI,L,0.829787234042553
CUE_HIGH,31,2,Default,L_POS1_ROI,L,0.591111111111111
CUE_HIGH,34,1002,Default,L_d23ab_ROI,L,0.568181818181818
CUE_HIGH,42,1,Somatomotor,L_7AL_ROI,L,0.588235294117647
CUE_HIGH,43,1001,Cingulo-Opercular,L_SCEF_ROI,L,0.995073891625616
CUE_HIGH,46,1002,Dorsal-Attention,L_7PL_ROI,L,1
CUE_HIGH,48,1002,Visual2,L_LIPv_ROI,L,1
CUE_HIGH,49,1002,Visual2,L_VIP_ROI,L,0.879310344827586
CUE_HIGH,50,1002,Dorsal-Attention,L_MIP_ROI,L,1
CUE_HIGH,51,1001,Somatomotor,L_1_ROI,L,0.576059850374065
CUE_HIGH,54,1001,Somatomotor,L_6d_ROI,L,0.766233766233766
CUE_HIGH,56,1001,Somatomotor,L_6v_ROI,L,0.670588235294118
CUE_HIGH,58,1002,Cingulo-Opercular,L_33pr_ROI,L,0.527272727272727
CUE_HIGH,60,1001,Cingulo-Opercular,L_p32pr_ROI,L,0.784172661870504
CUE_HIGH,65,5,Default,L_10r_ROI,L,0.808510638297872
CUE_HIGH,73,1001,Frontoparietal,L_8C_ROI,L,0.867704280155642
CUE_HIGH,74,1001,Language,L_44_ROI,L,0.633093525179856
CUE_HIGH,78,1001,Cingulo-Opercular,L_6r_ROI,L,0.62396694214876
CUE_HIGH,79,1001,Language,L_IFJa_ROI,L,1
CUE_HIGH,80,1001,Frontoparietal,L_IFJp_ROI,L,1
CUE_HIGH,81,1001,Language,L_IFSp_ROI,L,0.951456310679612
CUE_HIGH,82,1001,Frontoparietal,L_IFSa_ROI,L,0.748427672955975
CUE_HIGH,83,1001,Frontoparietal,L_p9-46v_ROI,L,0.6875
CUE_HIGH,86,1003,Cingulo-Opercular,L_9-46d_ROI,L,0.745318352059925
CUE_HIGH,89,1003,Frontoparietal,L_a10p_ROI,L,0.552380952380952
CUE_HIGH,95,1002,Dorsal-Attention,L_LIPd_ROI,L,1
CUE_HIGH,96,1001,Dorsal-Attention,L_6a_ROI,L,0.880555555555556
CUE_HIGH,97,1001,Frontoparietal,L_i6-8_ROI,L,0.883720930232558
CUE_HIGH,98,1001,Frontoparietal,L_s6-8_ROI,L,0.818181818181818
CUE_HIGH,103,3,Auditory,L_52_ROI,L,0.847222222222222
CUE_HIGH,105,3,Cingulo-Opercular,L_PFcm_ROI,L,0.687022900763359
CUE_HIGH,107,3,Auditory,L_TA2_ROI,L,0.591549295774648
CUE_HIGH,111,1001,Frontoparietal,L_AVI_ROI,L,0.690476190476191
CUE_HIGH,114,4,Cingulo-Opercular,L_FOP3_ROI,L,0.55952380952381
CUE_HIGH,117,1002,Dorsal-Attention,L_AIP_ROI,L,0.724919093851133
CUE_HIGH,119,1002,Default,L_PreS_ROI,L,0.628930817610063
CUE_HIGH,121,1002,Visual1,L_ProS_ROI,L,0.86231884057971
CUE_HIGH,123,1002,Language,L_STGa_ROI,L,0.929824561403509
CUE_HIGH,124,3,Auditory,L_PBelt_ROI,L,0.835365853658537
CUE_HIGH,125,1002,Language,L_A5_ROI,L,0.956521739130435
CUE_HIGH,126,1002,Default,L_PHA1_ROI,L,0.777777777777778
CUE_HIGH,127,1002,Dorsal-Attention,L_PHA3_ROI,L,0.825
CUE_HIGH,128,1002,Language,L_STSda_ROI,L,0.967479674796748
CUE_HIGH,129,1002,Language,L_STSdp_ROI,L,1
CUE_HIGH,130,1002,Default,L_STSvp_ROI,L,0.639423076923077
CUE_HIGH,133,1002,Frontoparietal,L_TE1p_ROI,L,0.915966386554622
CUE_HIGH,135,1002,Ventral-Multimodal,L_TF_ROI,L,0.679054054054054
CUE_HIGH,136,1002,Dorsal-Attention,L_TE2p_ROI,L,0.768
CUE_HIGH,137,1002,Dorsal-Attention,L_PHT_ROI,L,0.587912087912088
CUE_HIGH,138,1002,Visual2,L_PH_ROI,L,0.986666666666667
CUE_HIGH,139,1002,Language,L_TPOJ1_ROI,L,0.988950276243094
CUE_HIGH,140,1002,Posterior-Multimodal,L_TPOJ2_ROI,L,0.512820512820513
CUE_HIGH,141,1002,Posterior-Multimodal,L_TPOJ3_ROI,L,0.75
CUE_HIGH,142,1002,Visual1,L_DVT_ROI,L,0.922480620155039
CUE_HIGH,143,1002,Dorsal-Attention,L_PGp_ROI,L,0.653061224489796
CUE_HIGH,144,1002,Frontoparietal,L_IP2_ROI,L,1
CUE_HIGH,145,1002,Frontoparietal,L_IP1_ROI,L,1
CUE_HIGH,146,1002,Dorsal-Attention,L_IP0_ROI,L,1
CUE_HIGH,147,3,Cingulo-Opercular,L_PFop_ROI,L,0.685534591194969
CUE_HIGH,149,1002,Frontoparietal,L_PFm_ROI,L,0.662082514734774
CUE_HIGH,152,1002,Visual2,L_V6A_ROI,L,0.959183673469388
CUE_HIGH,153,1002,Visual2,L_VMV1_ROI,L,1
CUE_HIGH,154,1002,Visual2,L_VMV3_ROI,L,1
CUE_HIGH,156,1002,Visual2,L_V4t_ROI,L,1
CUE_HIGH,157,1002,Visual2,L_FST_ROI,L,0.673469387755102
CUE_HIGH,158,1002,Visual2,L_V3CD_ROI,L,1
CUE_HIGH,159,1002,Visual2,L_LO3_ROI,L,1
CUE_HIGH,160,1002,Visual2,L_VMV2_ROI,L,1
CUE_HIGH,162,1002,Default,L_31a_ROI,L,0.6875
CUE_HIGH,163,1002,Visual2,L_VVC_ROI,L,1
CUE_HIGH,167,3,Cingulo-Opercular,L_PoI1_ROI,L,0.642857142857143
CUE_HIGH,170,1003,Frontoparietal,L_p10p_ROI,L,0.827272727272727
CUE_HIGH,173,3,Auditory,L_MBelt_ROI,L,0.912087912087912
CUE_HIGH,174,3,Auditory,L_LBelt_ROI,L,0.828947368421053
CUE_HIGH,179,1001,Cingulo-Opercular,L_a32pr_ROI,L,0.8671875
CUE_HIGH,181,1005,Visual1,R_V1_ROI,R,0.961880559085133
CUE_HIGH,182,1005,Visual2,R_MST_ROI,R,0.671052631578947
CUE_HIGH,183,1005,Visual2,R_V6_ROI,R,0.991869918699187
CUE_HIGH,184,1005,Visual2,R_V2_ROI,R,0.996672212978369
CUE_HIGH,185,1005,Visual2,R_V3_ROI,R,1
CUE_HIGH,186,1005,Visual2,R_V4_ROI,R,1
CUE_HIGH,187,1005,Visual2,R_V8_ROI,R,1
CUE_HIGH,190,1006,Cingulo-Opercular,R_FEF_ROI,R,0.837988826815642
CUE_HIGH,191,1006,Cingulo-Opercular,R_PEF_ROI,R,1
CUE_HIGH,192,1006,Language,R_55b_ROI,R,0.88785046728972
CUE_HIGH,193,1005,Visual2,R_V3A_ROI,R,0.979591836734694
CUE_HIGH,194,1005,Frontoparietal,R_RSC_ROI,R,0.757575757575758
CUE_HIGH,195,1005,Frontoparietal,R_POS2_ROI,R,1
CUE_HIGH,196,1005,Visual2,R_V7_ROI,R,1
CUE_HIGH,197,1005,Visual2,R_IPS1_ROI,R,1
CUE_HIGH,198,1005,Visual2,R_FFC_ROI,R,1
CUE_HIGH,199,1005,Visual2,R_V3B_ROI,R,1
CUE_HIGH,200,1005,Visual2,R_LO1_ROI,R,1
CUE_HIGH,201,1005,Visual2,R_LO2_ROI,R,1
CUE_HIGH,202,1005,Visual2,R_PIT_ROI,R,1
CUE_HIGH,203,1005,Visual2,R_MT_ROI,R,0.952380952380952
CUE_HIGH,207,1005,Posterior-Multimodal,R_PCV_ROI,R,0.99390243902439
CUE_HIGH,208,1005,Posterior-Multimodal,R_STV_ROI,R,0.844594594594595
CUE_HIGH,209,1005,Frontoparietal,R_7Pm_ROI,R,1
CUE_HIGH,210,1005,Default,R_7m_ROI,R,0.607407407407407
CUE_HIGH,212,1005,Default,R_23d_ROI,R,0.619469026548673
CUE_HIGH,214,1005,Default,R_d23ab_ROI,R,0.638297872340426
CUE_HIGH,222,6,Somatomotor,R_7AL_ROI,R,0.826347305389222
CUE_HIGH,223,1006,Cingulo-Opercular,R_SCEF_ROI,R,0.647668393782383
CUE_HIGH,226,1005,Dorsal-Attention,R_7PL_ROI,R,1
CUE_HIGH,227,6,Somatomotor,R_7PC_ROI,R,0.530612244897959
CUE_HIGH,228,1005,Visual2,R_LIPv_ROI,R,0.928571428571429
CUE_HIGH,229,1005,Visual2,R_VIP_ROI,R,0.801801801801802
CUE_HIGH,230,1005,Dorsal-Attention,R_MIP_ROI,R,1
CUE_HIGH,236,1006,Somatomotor,R_6v_ROI,R,0.538461538461538
CUE_HIGH,238,1005,Frontoparietal,R_33pr_ROI,R,0.68
CUE_HIGH,240,1006,Cingulo-Opercular,R_p32pr_ROI,R,0.594202898550725
CUE_HIGH,242,1006,Frontoparietal,R_d32_ROI,R,0.934959349593496
CUE_HIGH,243,1006,Frontoparietal,R_8BM_ROI,R,0.754285714285714
CUE_HIGH,248,1006,Default,R_8Ad_ROI,R,0.903765690376569
CUE_HIGH,253,1006,Frontoparietal,R_8C_ROI,R,0.794238683127572
CUE_HIGH,258,1006,Cingulo-Opercular,R_6r_ROI,R,0.562737642585551
CUE_HIGH,259,1006,Language,R_IFJa_ROI,R,1
CUE_HIGH,260,1006,Frontoparietal,R_IFJp_ROI,R,1
CUE_HIGH,261,1006,Frontoparietal,R_IFSp_ROI,R,1
CUE_HIGH,262,1006,Cingulo-Opercular,R_IFSa_ROI,R,0.75
CUE_HIGH,263,1006,Frontoparietal,R_p9-46v_ROI,R,0.790055248618785
CUE_HIGH,264,1006,Cingulo-Opercular,R_46_ROI,R,0.621399176954733
CUE_HIGH,265,1006,Frontoparietal,R_a9-46v_ROI,R,0.726315789473684
CUE_HIGH,266,1006,Cingulo-Opercular,R_9-46d_ROI,R,0.570281124497992
CUE_HIGH,269,1006,Frontoparietal,R_a10p_ROI,R,0.563380281690141
CUE_HIGH,275,1005,Dorsal-Attention,R_LIPd_ROI,R,1
CUE_HIGH,276,1006,Dorsal-Attention,R_6a_ROI,R,0.75811209439528
CUE_HIGH,277,1006,Frontoparietal,R_i6-8_ROI,R,1
CUE_HIGH,278,1006,Frontoparietal,R_s6-8_ROI,R,0.72093023255814
CUE_HIGH,279,9,Cingulo-Opercular,R_43_ROI,R,0.525925925925926
CUE_HIGH,283,8,Auditory,R_52_ROI,R,0.773584905660377
CUE_HIGH,284,7,Somatomotor,R_RI_ROI,R,0.588235294117647
CUE_HIGH,285,7,Cingulo-Opercular,R_PFcm_ROI,R,1
CUE_HIGH,287,8,Auditory,R_TA2_ROI,R,0.630630630630631
CUE_HIGH,290,1007,Orbito-Affective,R_Pir_ROI,R,0.680203045685279
CUE_HIGH,291,1007,Frontoparietal,R_AVI_ROI,R,0.853333333333333
CUE_HIGH,292,1007,Orbito-Affective,R_AAIC_ROI,R,0.793650793650794
CUE_HIGH,294,9,Cingulo-Opercular,R_FOP3_ROI,R,0.866666666666667
CUE_HIGH,295,9,Somatomotor,R_FOP2_ROI,R,0.593023255813954
CUE_HIGH,299,1005,Default,R_PreS_ROI,R,0.745562130177515
CUE_HIGH,301,1005,Visual1,R_ProS_ROI,R,1
CUE_HIGH,302,1005,Ventral-Multimodal,R_PeEc_ROI,R,0.592948717948718
CUE_HIGH,303,1005,Language,R_STGa_ROI,R,0.979166666666667
CUE_HIGH,304,7,Auditory,R_PBelt_ROI,R,0.697916666666667
CUE_HIGH,305,1005,Language,R_A5_ROI,R,0.537688442211055
CUE_HIGH,306,1005,Default,R_PHA1_ROI,R,0.955357142857143
CUE_HIGH,307,1005,Dorsal-Attention,R_PHA3_ROI,R,1
CUE_HIGH,308,1005,Default,R_STSda_ROI,R,0.98936170212766
CUE_HIGH,309,1005,Language,R_STSdp_ROI,R,0.995238095238095
CUE_HIGH,310,1005,Default,R_STSvp_ROI,R,0.834437086092715
CUE_HIGH,313,1005,Frontoparietal,R_TE1p_ROI,R,0.783185840707965
CUE_HIGH,315,1005,Ventral-Multimodal,R_TF_ROI,R,0.718849840255591
CUE_HIGH,316,1005,Dorsal-Attention,R_TE2p_ROI,R,0.910344827586207
CUE_HIGH,317,1005,Dorsal-Attention,R_PHT_ROI,R,0.909090909090909
CUE_HIGH,318,1005,Visual2,R_PH_ROI,R,0.953488372093023
CUE_HIGH,319,1005,Language,R_TPOJ1_ROI,R,0.932659932659933
CUE_HIGH,320,1005,Posterior-Multimodal,R_TPOJ2_ROI,R,0.622377622377622
CUE_HIGH,321,1005,Posterior-Multimodal,R_TPOJ3_ROI,R,0.936842105263158
CUE_HIGH,322,1005,Visual1,R_DVT_ROI,R,1
CUE_HIGH,323,1005,Dorsal-Attention,R_PGp_ROI,R,0.901960784313725
CUE_HIGH,324,1005,Frontoparietal,R_IP2_ROI,R,1
CUE_HIGH,325,1005,Frontoparietal,R_IP1_ROI,R,1
CUE_HIGH,326,1005,Dorsal-Attention,R_IP0_ROI,R,1
CUE_HIGH,327,7,Cingulo-Opercular,R_PFop_ROI,R,0.638709677419355
CUE_HIGH,328,7,Cingulo-Opercular,R_PF_ROI,R,0.626631853785901
CUE_HIGH,329,1005,Frontoparietal,R_PFm_ROI,R,0.736730360934183
CUE_HIGH,331,1005,Default,R_PGs_ROI,R,0.77511961722488
CUE_HIGH,332,1005,Visual2,R_V6A_ROI,R,0.957446808510638
CUE_HIGH,333,1005,Visual2,R_VMV1_ROI,R,1
CUE_HIGH,334,1005,Visual2,R_VMV3_ROI,R,1
CUE_HIGH,335,1005,Default,R_PHA2_ROI,R,0.967213114754098
CUE_HIGH,336,1005,Visual2,R_V4t_ROI,R,1
CUE_HIGH,337,1005,Visual2,R_FST_ROI,R,0.545454545454545
CUE_HIGH,338,1005,Visual2,R_V3CD_ROI,R,1
CUE_HIGH,339,1005,Visual2,R_LO3_ROI,R,1
CUE_HIGH,340,1005,Visual2,R_VMV2_ROI,R,1
CUE_HIGH,341,1005,Default,R_31pd_ROI,R,0.777777777777778
CUE_HIGH,342,1005,Frontoparietal,R_31a_ROI,R,1
CUE_HIGH,343,1005,Visual2,R_VVC_ROI,R,1
CUE_HIGH,345,1008,Default,R_s32_ROI,R,0.769230769230769
CUE_HIGH,347,8,Cingulo-Opercular,R_PoI1_ROI,R,0.656441717791411
CUE_HIGH,350,1006,Frontoparietal,R_p10p_ROI,R,0.891891891891892
CUE_HIGH,353,8,Auditory,R_MBelt_ROI,R,0.666666666666667
CUE_HIGH,354,7,Auditory,R_LBelt_ROI,R,0.941176470588235
CUE_HIGH,356,1005,Default,R_STSva_ROI,R,0.54320987654321
CUE_HIGH,359,1006,Cingulo-Opercular,R_a32pr_ROI,R,0.976377952755906
CUE_LOW,1,1002,Visual1,L_V1_ROI,L,0.942238267148014
CUE_LOW,2,1002,Visual2,L_MST_ROI,L,0.849315068493151
CUE_LOW,3,1002,Visual2,L_V6_ROI,L,0.973684210526316
CUE_LOW,4,1002,Visual2,L_V2_ROI,L,0.975767366720517
CUE_LOW,5,1002,Visual2,L_V3_ROI,L,0.99406528189911
CUE_LOW,6,1002,Visual2,L_V4_ROI,L,1
CUE_LOW,7,1002,Visual2,L_V8_ROI,L,1
CUE_LOW,10,1001,Cingulo-Opercular,L_FEF_ROI,L,0.830065359477124
CUE_LOW,11,1001,Dorsal-Attention,L_PEF_ROI,L,1
CUE_LOW,12,1001,Language,L_55b_ROI,L,0.869230769230769
CUE_LOW,13,1002,Visual2,L_V3A_ROI,L,0.980132450331126
CUE_LOW,15,1002,Frontoparietal,L_POS2_ROI,L,0.96
CUE_LOW,16,1002,Visual2,L_V7_ROI,L,1
CUE_LOW,17,1002,Visual2,L_IPS1_ROI,L,1
CUE_LOW,18,1002,Visual2,L_FFC_ROI,L,1
CUE_LOW,19,1002,Visual2,L_V3B_ROI,L,1
CUE_LOW,20,1002,Visual2,L_LO1_ROI,L,1
CUE_LOW,21,1002,Visual2,L_LO2_ROI,L,1
CUE_LOW,22,1002,Visual2,L_PIT_ROI,L,1
CUE_LOW,23,1002,Visual2,L_MT_ROI,L,1
CUE_LOW,28,1002,Language,L_STV_ROI,L,0.594202898550725
CUE_LOW,29,1002,Frontoparietal,L_7Pm_ROI,L,0.606382978723404
CUE_LOW,34,1003,Default,L_d23ab_ROI,L,0.636363636363636
CUE_LOW,42,1,Somatomotor,L_7AL_ROI,L,0.676470588235294
CUE_LOW,43,1004,Cingulo-Opercular,L_SCEF_ROI,L,0.985221674876847
CUE_LOW,46,1002,Dorsal-Attention,L_7PL_ROI,L,1
CUE_LOW,48,1002,Visual2,L_LIPv_ROI,L,0.984615384615385
CUE_LOW,49,1002,Visual2,L_VIP_ROI,L,0.801724137931035
CUE_LOW,50,1002,Dorsal-Attention,L_MIP_ROI,L,1
CUE_LOW,56,1001,Somatomotor,L_6v_ROI,L,0.576470588235294
CUE_LOW,60,1004,Cingulo-Opercular,L_p32pr_ROI,L,0.697841726618705
CUE_LOW,65,5,Default,L_10r_ROI,L,0.75531914893617
CUE_LOW,73,1001,Frontoparietal,L_8C_ROI,L,0.67704280155642
CUE_LOW,79,1001,Language,L_IFJa_ROI,L,1
CUE_LOW,80,1001,Frontoparietal,L_IFJp_ROI,L,1
CUE_LOW,81,1001,Language,L_IFSp_ROI,L,0.912621359223301
CUE_LOW,82,1001,Frontoparietal,L_IFSa_ROI,L,0.729559748427673
CUE_LOW,83,1001,Frontoparietal,L_p9-46v_ROI,L,0.6796875
CUE_LOW,94,4,Default,L_47s_ROI,L,0.571428571428571
CUE_LOW,95,1002,Dorsal-Attention,L_LIPd_ROI,L,1
CUE_LOW,96,1001,Dorsal-Attention,L_6a_ROI,L,0.772222222222222
CUE_LOW,97,1001,Frontoparietal,L_i6-8_ROI,L,0.976744186046512
CUE_LOW,98,1004,Frontoparietal,L_s6-8_ROI,L,0.8
CUE_LOW,103,2,Auditory,L_52_ROI,L,0.916666666666667
CUE_LOW,104,2,Auditory,L_RI_ROI,L,0.546341463414634
CUE_LOW,105,2,Cingulo-Opercular,L_PFcm_ROI,L,0.709923664122137
CUE_LOW,114,3,Cingulo-Opercular,L_FOP3_ROI,L,0.607142857142857
CUE_LOW,116,2,Dorsal-Attention,L_PFt_ROI,L,0.558974358974359
CUE_LOW,117,1002,Dorsal-Attention,L_AIP_ROI,L,0.601941747572815
CUE_LOW,119,1002,Default,L_PreS_ROI,L,0.572327044025157
CUE_LOW,121,1002,Visual1,L_ProS_ROI,L,0.905797101449275
CUE_LOW,123,1002,Language,L_STGa_ROI,L,0.87719298245614
CUE_LOW,124,2,Auditory,L_PBelt_ROI,L,1
CUE_LOW,125,1002,Language,L_A5_ROI,L,0.702898550724638
CUE_LOW,126,1002,Default,L_PHA1_ROI,L,0.759259259259259
CUE_LOW,127,1002,Dorsal-Attention,L_PHA3_ROI,L,0.766666666666667
CUE_LOW,128,1002,Language,L_STSda_ROI,L,0.983739837398374
CUE_LOW,129,1002,Language,L_STSdp_ROI,L,0.994974874371859
CUE_LOW,133,1002,Frontoparietal,L_TE1p_ROI,L,0.764705882352941
CUE_LOW,135,1002,Ventral-Multimodal,L_TF_ROI,L,0.641891891891892
CUE_LOW,136,1002,Dorsal-Attention,L_TE2p_ROI,L,0.824
CUE_LOW,138,1002,Visual2,L_PH_ROI,L,0.982222222222222
CUE_LOW,139,1002,Language,L_TPOJ1_ROI,L,0.961325966850829
CUE_LOW,142,1002,Visual1,L_DVT_ROI,L,0.891472868217054
CUE_LOW,143,1002,Dorsal-Attention,L_PGp_ROI,L,0.666666666666667
CUE_LOW,144,1002,Frontoparietal,L_IP2_ROI,L,0.954545454545455
CUE_LOW,145,1002,Frontoparietal,L_IP1_ROI,L,1
CUE_LOW,146,1002,Dorsal-Attention,L_IP0_ROI,L,1
CUE_LOW,147,2,Cingulo-Opercular,L_PFop_ROI,L,0.811320754716981
CUE_LOW,152,1002,Visual2,L_V6A_ROI,L,0.959183673469388
CUE_LOW,153,1002,Visual2,L_VMV1_ROI,L,1
CUE_LOW,154,1002,Visual2,L_VMV3_ROI,L,1
CUE_LOW,156,1002,Visual2,L_V4t_ROI,L,1
CUE_LOW,157,1002,Visual2,L_FST_ROI,L,0.540816326530612
CUE_LOW,158,1002,Visual2,L_V3CD_ROI,L,1
CUE_LOW,159,1002,Visual2,L_LO3_ROI,L,1
CUE_LOW,160,1002,Visual2,L_VMV2_ROI,L,1
CUE_LOW,163,1002,Visual2,L_VVC_ROI,L,1
CUE_LOW,167,2,Cingulo-Opercular,L_PoI1_ROI,L,0.642857142857143
CUE_LOW,170,1008,Frontoparietal,L_p10p_ROI,L,0.809090909090909
CUE_LOW,173,2,Auditory,L_MBelt_ROI,L,0.967032967032967
CUE_LOW,174,2,Auditory,L_LBelt_ROI,L,0.921052631578947
CUE_LOW,175,2,Auditory,L_A4_ROI,L,0.666666666666667
CUE_LOW,179,1004,Cingulo-Opercular,L_a32pr_ROI,L,0.5546875
CUE_LOW,181,1009,Visual1,R_V1_ROI,R,0.9428208386277
CUE_LOW,182,1009,Visual2,R_MST_ROI,R,0.578947368421053
CUE_LOW,183,1009,Visual2,R_V6_ROI,R,0.983739837398374
CUE_LOW,184,1009,Visual2,R_V2_ROI,R,0.985024958402662
CUE_LOW,185,1009,Visual2,R_V3_ROI,R,0.979827089337176
CUE_LOW,186,1009,Visual2,R_V4_ROI,R,1
CUE_LOW,187,1009,Visual2,R_V8_ROI,R,1
CUE_LOW,190,1012,Cingulo-Opercular,R_FEF_ROI,R,0.76536312849162
CUE_LOW,191,1012,Cingulo-Opercular,R_PEF_ROI,R,1
CUE_LOW,192,1012,Language,R_55b_ROI,R,0.822429906542056
CUE_LOW,193,1009,Visual2,R_V3A_ROI,R,1
CUE_LOW,194,1009,Frontoparietal,R_RSC_ROI,R,0.658008658008658
CUE_LOW,195,1009,Frontoparietal,R_POS2_ROI,R,1
CUE_LOW,196,1009,Visual2,R_V7_ROI,R,1
CUE_LOW,197,1009,Visual2,R_IPS1_ROI,R,1
CUE_LOW,198,1009,Visual2,R_FFC_ROI,R,1
CUE_LOW,199,1009,Visual2,R_V3B_ROI,R,1
CUE_LOW,200,1009,Visual2,R_LO1_ROI,R,1
CUE_LOW,201,1009,Visual2,R_LO2_ROI,R,1
CUE_LOW,202,1009,Visual2,R_PIT_ROI,R,1
CUE_LOW,203,1009,Visual2,R_MT_ROI,R,0.952380952380952
CUE_LOW,204,8,Auditory,R_A1_ROI,R,0.621212121212121
CUE_LOW,207,1009,Posterior-Multimodal,R_PCV_ROI,R,0.99390243902439
CUE_LOW,208,1009,Posterior-Multimodal,R_STV_ROI,R,0.844594594594595
CUE_LOW,209,1009,Frontoparietal,R_7Pm_ROI,R,1
CUE_LOW,210,1009,Default,R_7m_ROI,R,0.703703703703704
CUE_LOW,214,1009,Default,R_d23ab_ROI,R,0.829787234042553
CUE_LOW,222,8,Somatomotor,R_7AL_ROI,R,0.868263473053892
CUE_LOW,226,1009,Dorsal-Attention,R_7PL_ROI,R,1
CUE_LOW,227,8,Somatomotor,R_7PC_ROI,R,0.520408163265306
CUE_LOW,228,1009,Visual2,R_LIPv_ROI,R,0.876623376623377
CUE_LOW,229,1009,Visual2,R_VIP_ROI,R,0.738738738738739
CUE_LOW,230,1009,Dorsal-Attention,R_MIP_ROI,R,1
CUE_LOW,238,1009,Frontoparietal,R_33pr_ROI,R,0.546666666666667
CUE_LOW,239,7,Cingulo-Opercular,R_a24pr_ROI,R,0.509433962264151
CUE_LOW,240,1010,Cingulo-Opercular,R_p32pr_ROI,R,0.521739130434783
CUE_LOW,242,1010,Frontoparietal,R_d32_ROI,R,0.577235772357724
CUE_LOW,248,1012,Default,R_8Ad_ROI,R,0.794979079497908
CUE_LOW,253,1012,Frontoparietal,R_8C_ROI,R,0.584362139917696
CUE_LOW,258,1012,Cingulo-Opercular,R_6r_ROI,R,0.501901140684411
CUE_LOW,259,1012,Language,R_IFJa_ROI,R,1
CUE_LOW,260,1012,Frontoparietal,R_IFJp_ROI,R,1
CUE_LOW,261,1012,Frontoparietal,R_IFSp_ROI,R,1
CUE_LOW,262,1012,Cingulo-Opercular,R_IFSa_ROI,R,0.756410256410256
CUE_LOW,263,1012,Frontoparietal,R_p9-46v_ROI,R,0.580110497237569
CUE_LOW,275,1009,Dorsal-Attention,R_LIPd_ROI,R,1
CUE_LOW,276,1012,Dorsal-Attention,R_6a_ROI,R,0.737463126843658
CUE_LOW,277,1012,Frontoparietal,R_i6-8_ROI,R,0.98989898989899
CUE_LOW,279,10,Cingulo-Opercular,R_43_ROI,R,0.585185185185185
CUE_LOW,281,8,Somatomotor,R_OP1_ROI,R,0.782608695652174
CUE_LOW,283,8,Auditory,R_52_ROI,R,0.962264150943396
CUE_LOW,284,8,Somatomotor,R_RI_ROI,R,0.676470588235294
CUE_LOW,285,8,Cingulo-Opercular,R_PFcm_ROI,R,1
CUE_LOW,287,8,Auditory,R_TA2_ROI,R,0.648648648648649
CUE_LOW,290,1009,Orbito-Affective,R_Pir_ROI,R,0.512690355329949
CUE_LOW,291,1009,Frontoparietal,R_AVI_ROI,R,0.733333333333333
CUE_LOW,292,1009,Orbito-Affective,R_AAIC_ROI,R,0.825396825396825
CUE_LOW,294,10,Cingulo-Opercular,R_FOP3_ROI,R,0.76
CUE_LOW,295,10,Somatomotor,R_FOP2_ROI,R,0.72093023255814
CUE_LOW,296,8,Dorsal-Attention,R_PFt_ROI,R,0.694300518134715
CUE_LOW,299,1009,Default,R_PreS_ROI,R,0.668639053254438
CUE_LOW,301,1009,Visual1,R_ProS_ROI,R,0.992481203007519
CUE_LOW,302,1009,Ventral-Multimodal,R_PeEc_ROI,R,0.580128205128205
CUE_LOW,303,1009,Language,R_STGa_ROI,R,0.8125
CUE_LOW,304,8,Auditory,R_PBelt_ROI,R,0.916666666666667
CUE_LOW,306,1009,Default,R_PHA1_ROI,R,0.928571428571429
CUE_LOW,307,1009,Dorsal-Attention,R_PHA3_ROI,R,1
CUE_LOW,308,1009,Default,R_STSda_ROI,R,0.946808510638298
CUE_LOW,309,1009,Language,R_STSdp_ROI,R,0.976190476190476
CUE_LOW,310,1009,Default,R_STSvp_ROI,R,0.609271523178808
CUE_LOW,313,1009,Frontoparietal,R_TE1p_ROI,R,0.699115044247788
CUE_LOW,315,1009,Ventral-Multimodal,R_TF_ROI,R,0.702875399361022
CUE_LOW,316,1009,Dorsal-Attention,R_TE2p_ROI,R,0.889655172413793
CUE_LOW,318,1009,Visual2,R_PH_ROI,R,0.947674418604651
CUE_LOW,319,1009,Language,R_TPOJ1_ROI,R,0.922558922558922
CUE_LOW,321,1009,Posterior-Multimodal,R_TPOJ3_ROI,R,1
CUE_LOW,322,1009,Visual1,R_DVT_ROI,R,0.961538461538461
CUE_LOW,323,1009,Dorsal-Attention,R_PGp_ROI,R,0.934640522875817
CUE_LOW,324,1009,Frontoparietal,R_IP2_ROI,R,0.986238532110092
CUE_LOW,325,1009,Frontoparietal,R_IP1_ROI,R,1
CUE_LOW,326,1009,Dorsal-Attention,R_IP0_ROI,R,1
CUE_LOW,327,8,Cingulo-Opercular,R_PFop_ROI,R,0.729032258064516
CUE_LOW,328,8,Cingulo-Opercular,R_PF_ROI,R,0.634464751958225
CUE_LOW,331,1009,Default,R_PGs_ROI,R,0.602870813397129
CUE_LOW,332,1009,Visual2,R_V6A_ROI,R,0.914893617021277
CUE_LOW,333,1009,Visual2,R_VMV1_ROI,R,1
CUE_LOW,334,1009,Visual2,R_VMV3_ROI,R,1
CUE_LOW,335,1009,Default,R_PHA2_ROI,R,0.934426229508197
CUE_LOW,336,1009,Visual2,R_V4t_ROI,R,1
CUE_LOW,338,1009,Visual2,R_V3CD_ROI,R,1
CUE_LOW,339,1009,Visual2,R_LO3_ROI,R,1
CUE_LOW,340,1009,Visual2,R_VMV2_ROI,R,1
CUE_LOW,341,1009,Default,R_31pd_ROI,R,0.691358024691358
CUE_LOW,342,1009,Frontoparietal,R_31a_ROI,R,1
CUE_LOW,343,1009,Visual2,R_VVC_ROI,R,1
CUE_LOW,345,1014,Default,R_s32_ROI,R,0.769230769230769
CUE_LOW,347,8,Cingulo-Opercular,R_PoI1_ROI,R,0.631901840490798
CUE_LOW,350,1013,Frontoparietal,R_p10p_ROI,R,0.716216216216216
CUE_LOW,353,8,Auditory,R_MBelt_ROI,R,0.986666666666667
CUE_LOW,354,8,Auditory,R_LBelt_ROI,R,1
CUE_LOW,355,8,Auditory,R_A4_ROI,R,0.60427807486631
CUE_LOW,356,1009,Default,R_STSva_ROI,R,0.703703703703704
CUE_LOW,359,1010,Cingulo-Opercular,R_a32pr_ROI,R,0.952755905511811
FEEDBACK_AVG,1,1002,Visual1,L_V1_ROI,L,0.930204572803851
FEEDBACK_AVG,4,1002,Visual2,L_V2_ROI,L,0.967689822294023
FEEDBACK_AVG,5,1002,Visual2,L_V3_ROI,L,0.967359050445104
FEEDBACK_AVG,6,1002,Visual2,L_V4_ROI,L,1
FEEDBACK_AVG,7,1002,Visual2,L_V8_ROI,L,1
FEEDBACK_AVG,9,1,Somatomotor,L_3b_ROI,L,0.726480836236934
FEEDBACK_AVG,11,1001,Dorsal-Attention,L_PEF_ROI,L,0.805555555555556
FEEDBACK_AVG,13,1002,Visual2,L_V3A_ROI,L,0.85430463576159
FEEDBACK_AVG,14,1,Frontoparietal,L_RSC_ROI,L,0.687203791469194
FEEDBACK_AVG,16,1002,Visual2,L_V7_ROI,L,1
FEEDBACK_AVG,17,1002,Visual2,L_IPS1_ROI,L,0.844444444444445
FEEDBACK_AVG,18,1002,Visual2,L_FFC_ROI,L,1
FEEDBACK_AVG,19,1002,Visual2,L_V3B_ROI,L,1
FEEDBACK_AVG,20,1002,Visual2,L_LO1_ROI,L,1
FEEDBACK_AVG,21,1002,Visual2,L_LO2_ROI,L,1
FEEDBACK_AVG,22,1002,Visual2,L_PIT_ROI,L,1
FEEDBACK_AVG,24,1,Auditory,L_A1_ROI,L,0.792207792207792
FEEDBACK_AVG,30,1,Default,L_7m_ROI,L,0.692307692307692
FEEDBACK_AVG,31,1,Default,L_POS1_ROI,L,0.951111111111111
FEEDBACK_AVG,32,1,Default,L_23d_ROI,L,0.567901234567901
FEEDBACK_AVG,33,1,Default,L_v23ab_ROI,L,1
FEEDBACK_AVG,34,1,Default,L_d23ab_ROI,L,0.806818181818182
FEEDBACK_AVG,35,1,Default,L_31pv_ROI,L,1
FEEDBACK_AVG,36,1,Somatomotor,L_5m_ROI,L,0.785714285714286
FEEDBACK_AVG,37,1,Cingulo-Opercular,L_5mv_ROI,L,0.979057591623037
FEEDBACK_AVG,38,1,Cingulo-Opercular,L_23c_ROI,L,1
FEEDBACK_AVG,39,1,Somatomotor,L_5L_ROI,L,0.952127659574468
FEEDBACK_AVG,40,1,Somatomotor,L_24dd_ROI,L,0.802690582959641
FEEDBACK_AVG,41,1,Somatomotor,L_24dv_ROI,L,0.893617021276596
FEEDBACK_AVG,42,1,Somatomotor,L_7AL_ROI,L,1
FEEDBACK_AVG,43,1003,Cingulo-Opercular,L_SCEF_ROI,L,0.610837438423645
FEEDBACK_AVG,45,1,Cingulo-Opercular,L_7Am_ROI,L,0.514423076923077
FEEDBACK_AVG,46,1002,Dorsal-Attention,L_7PL_ROI,L,0.793814432989691
FEEDBACK_AVG,47,1,Somatomotor,L_7PC_ROI,L,0.807017543859649
FEEDBACK_AVG,48,1002,Visual2,L_LIPv_ROI,L,0.592307692307692
FEEDBACK_AVG,50,1002,Dorsal-Attention,L_MIP_ROI,L,1
FEEDBACK_AVG,51,1,Somatomotor,L_1_ROI,L,0.8428927680798
FEEDBACK_AVG,52,1,Somatomotor,L_2_ROI,L,0.973867595818815
FEEDBACK_AVG,54,1,Somatomotor,L_6d_ROI,L,0.512987012987013
FEEDBACK_AVG,55,1,Somatomotor,L_6mp_ROI,L,0.775193798449612
FEEDBACK_AVG,57,1,Cingulo-Opercular,L_p24pr_ROI,L,0.950617283950617
FEEDBACK_AVG,59,1,Cingulo-Opercular,L_a24pr_ROI,L,0.659574468085106
FEEDBACK_AVG,61,5,Default,L_a24_ROI,L,0.666666666666667
FEEDBACK_AVG,64,5,Default,L_p32_ROI,L,0.96969696969697
FEEDBACK_AVG,65,5,Default,L_10r_ROI,L,1
FEEDBACK_AVG,66,4,Default,L_47m_ROI,L,1
FEEDBACK_AVG,68,7,Default,L_8Ad_ROI,L,0.851239669421488
FEEDBACK_AVG,72,5,Default,L_10d_ROI,L,0.836601307189543
FEEDBACK_AVG,73,1001,Frontoparietal,L_8C_ROI,L,0.64591439688716
FEEDBACK_AVG,80,1001,Frontoparietal,L_IFJp_ROI,L,0.988505747126437
FEEDBACK_AVG,83,1001,Frontoparietal,L_p9-46v_ROI,L,0.53125
FEEDBACK_AVG,88,5,Default,L_10v_ROI,L,0.556390977443609
FEEDBACK_AVG,95,1002,Dorsal-Attention,L_LIPd_ROI,L,1
FEEDBACK_AVG,99,1,Cingulo-Opercular,L_43_ROI,L,0.698412698412698
FEEDBACK_AVG,100,1,Somatomotor,L_OP4_ROI,L,0.797169811320755
FEEDBACK_AVG,101,1,Somatomotor,L_OP1_ROI,L,1
FEEDBACK_AVG,102,1,Somatomotor,L_OP2-3_ROI,L,0.964539007092199
FEEDBACK_AVG,103,1,Auditory,L_52_ROI,L,1
FEEDBACK_AVG,104,1,Auditory,L_RI_ROI,L,0.824390243902439
FEEDBACK_AVG,105,1,Cingulo-Opercular,L_PFcm_ROI,L,0.916030534351145
FEEDBACK_AVG,106,1,Cingulo-Opercular,L_PoI2_ROI,L,0.869565217391304
FEEDBACK_AVG,107,1,Auditory,L_TA2_ROI,L,0.535211267605634
FEEDBACK_AVG,109,1,Cingulo-Opercular,L_MI_ROI,L,0.512820512820513
FEEDBACK_AVG,111,1007,Frontoparietal,L_AVI_ROI,L,0.793650793650794
FEEDBACK_AVG,113,1,Cingulo-Opercular,L_FOP1_ROI,L,1
FEEDBACK_AVG,114,1,Cingulo-Opercular,L_FOP3_ROI,L,0.952380952380952
FEEDBACK_AVG,115,1,Somatomotor,L_FOP2_ROI,L,0.826923076923077
FEEDBACK_AVG,116,1,Dorsal-Attention,L_PFt_ROI,L,0.866666666666667
FEEDBACK_AVG,121,1002,Visual1,L_ProS_ROI,L,0.818840579710145
FEEDBACK_AVG,124,1,Auditory,L_PBelt_ROI,L,0.865853658536585
FEEDBACK_AVG,125,1005,Language,L_A5_ROI,L,0.630434782608696
FEEDBACK_AVG,129,1005,Language,L_STSdp_ROI,L,0.819095477386935
FEEDBACK_AVG,137,2,Dorsal-Attention,L_PHT_ROI,L,0.554945054945055
FEEDBACK_AVG,138,1002,Visual2,L_PH_ROI,L,0.791111111111111
FEEDBACK_AVG,139,1005,Language,L_TPOJ1_ROI,L,0.762430939226519
FEEDBACK_AVG,144,1002,Frontoparietal,L_IP2_ROI,L,0.797979797979798
FEEDBACK_AVG,145,1002,Frontoparietal,L_IP1_ROI,L,0.62962962962963
FEEDBACK_AVG,146,1002,Dorsal-Attention,L_IP0_ROI,L,0.768518518518519
FEEDBACK_AVG,147,1,Cingulo-Opercular,L_PFop_ROI,L,1
FEEDBACK_AVG,148,1,Cingulo-Opercular,L_PF_ROI,L,0.650537634408602
FEEDBACK_AVG,151,2,Default,L_PGs_ROI,L,0.639344262295082
FEEDBACK_AVG,153,1002,Visual2,L_VMV1_ROI,L,0.965909090909091
FEEDBACK_AVG,154,1002,Visual2,L_VMV3_ROI,L,1
FEEDBACK_AVG,155,6,Default,L_PHA2_ROI,L,0.676470588235294
FEEDBACK_AVG,156,1002,Visual2,L_V4t_ROI,L,1
FEEDBACK_AVG,157,2,Visual2,L_FST_ROI,L,0.520408163265306
FEEDBACK_AVG,158,1002,Visual2,L_V3CD_ROI,L,1
FEEDBACK_AVG,159,1002,Visual2,L_LO3_ROI,L,0.883333333333333
FEEDBACK_AVG,160,1002,Visual2,L_VMV2_ROI,L,0.847826086956522
FEEDBACK_AVG,161,1,Default,L_31pd_ROI,L,0.972222222222222
FEEDBACK_AVG,162,1,Default,L_31a_ROI,L,1
FEEDBACK_AVG,163,1002,Visual2,L_VVC_ROI,L,1
FEEDBACK_AVG,165,5,Default,L_s32_ROI,L,0.62962962962963
FEEDBACK_AVG,167,1,Cingulo-Opercular,L_PoI1_ROI,L,0.993506493506494
FEEDBACK_AVG,168,1,Somatomotor,L_Ig_ROI,L,0.892307692307692
FEEDBACK_AVG,173,1,Auditory,L_MBelt_ROI,L,0.956043956043956
FEEDBACK_AVG,174,1,Auditory,L_LBelt_ROI,L,0.894736842105263
FEEDBACK_AVG,179,1003,Cingulo-Opercular,L_a32pr_ROI,L,0.8359375
FEEDBACK_AVG,181,1009,Visual1,R_V1_ROI,R,0.945362134688691
FEEDBACK_AVG,183,1009,Visual2,R_V6_ROI,R,0.609756097560976
FEEDBACK_AVG,184,1009,Visual2,R_V2_ROI,R,0.985024958402662
FEEDBACK_AVG,185,1009,Visual2,R_V3_ROI,R,0.936599423631124
FEEDBACK_AVG,186,1009,Visual2,R_V4_ROI,R,0.996666666666667
FEEDBACK_AVG,187,1009,Visual2,R_V8_ROI,R,1
FEEDBACK_AVG,191,1010,Cingulo-Opercular,R_PEF_ROI,R,0.604395604395604
FEEDBACK_AVG,192,1011,Language,R_55b_ROI,R,0.560747663551402
FEEDBACK_AVG,193,1009,Visual2,R_V3A_ROI,R,0.857142857142857
FEEDBACK_AVG,196,1009,Visual2,R_V7_ROI,R,0.955555555555556
FEEDBACK_AVG,197,1009,Visual2,R_IPS1_ROI,R,0.882882882882883
FEEDBACK_AVG,198,1009,Visual2,R_FFC_ROI,R,0.994011976047904
FEEDBACK_AVG,199,1009,Visual2,R_V3B_ROI,R,1
FEEDBACK_AVG,200,1009,Visual2,R_LO1_ROI,R,1
FEEDBACK_AVG,201,1009,Visual2,R_LO2_ROI,R,1
FEEDBACK_AVG,202,1009,Visual2,R_PIT_ROI,R,1
FEEDBACK_AVG,204,10,Auditory,R_A1_ROI,R,0.939393939393939
FEEDBACK_AVG,206,1011,Language,R_SFL_ROI,R,0.73109243697479
FEEDBACK_AVG,209,1009,Frontoparietal,R_7Pm_ROI,R,0.9375
FEEDBACK_AVG,211,9,Default,R_POS1_ROI,R,0.75
FEEDBACK_AVG,213,9,Default,R_v23ab_ROI,R,1
FEEDBACK_AVG,214,9,Default,R_d23ab_ROI,R,0.680851063829787
FEEDBACK_AVG,215,9,Default,R_31pv_ROI,R,0.756756756756757
FEEDBACK_AVG,217,10,Cingulo-Opercular,R_5mv_ROI,R,0.840909090909091
FEEDBACK_AVG,218,10,Cingulo-Opercular,R_23c_ROI,R,0.646840148698885
FEEDBACK_AVG,219,10,Somatomotor,R_5L_ROI,R,0.969543147208122
FEEDBACK_AVG,220,10,Somatomotor,R_24dd_ROI,R,0.794354838709677
FEEDBACK_AVG,221,10,Somatomotor,R_24dv_ROI,R,0.955414012738854
FEEDBACK_AVG,222,10,Somatomotor,R_7AL_ROI,R,1
FEEDBACK_AVG,224,1011,Cingulo-Opercular,R_6ma_ROI,R,0.545454545454545
FEEDBACK_AVG,226,1009,Dorsal-Attention,R_7PL_ROI,R,0.688311688311688
FEEDBACK_AVG,227,10,Somatomotor,R_7PC_ROI,R,0.979591836734694
FEEDBACK_AVG,228,1009,Visual2,R_LIPv_ROI,R,0.564935064935065
FEEDBACK_AVG,230,1009,Dorsal-Attention,R_MIP_ROI,R,0.916666666666667
FEEDBACK_AVG,231,10,Somatomotor,R_1_ROI,R,0.751937984496124
FEEDBACK_AVG,232,10,Somatomotor,R_2_ROI,R,1
FEEDBACK_AVG,234,10,Somatomotor,R_6d_ROI,R,0.949438202247191
FEEDBACK_AVG,235,10,Somatomotor,R_6mp_ROI,R,0.795539033457249
FEEDBACK_AVG,237,10,Cingulo-Opercular,R_p24pr_ROI,R,0.967391304347826
FEEDBACK_AVG,239,10,Cingulo-Opercular,R_a24pr_ROI,R,0.886792452830189
FEEDBACK_AVG,242,1011,Frontoparietal,R_d32_ROI,R,0.983739837398374
FEEDBACK_AVG,243,1011,Frontoparietal,R_8BM_ROI,R,0.811428571428571
FEEDBACK_AVG,245,14,Default,R_10r_ROI,R,0.972972972972973
FEEDBACK_AVG,246,11,Default,R_47m_ROI,R,0.80327868852459
FEEDBACK_AVG,253,1010,Frontoparietal,R_8C_ROI,R,0.773662551440329
FEEDBACK_AVG,258,1010,Cingulo-Opercular,R_6r_ROI,R,0.623574144486692
FEEDBACK_AVG,259,1010,Language,R_IFJa_ROI,R,0.569620253164557
FEEDBACK_AVG,260,1010,Frontoparietal,R_IFJp_ROI,R,1
FEEDBACK_AVG,261,1010,Frontoparietal,R_IFSp_ROI,R,0.804511278195489
FEEDBACK_AVG,262,1010,Cingulo-Opercular,R_IFSa_ROI,R,0.653846153846154
FEEDBACK_AVG,263,1010,Frontoparietal,R_p9-46v_ROI,R,0.889502762430939
FEEDBACK_AVG,265,1010,Frontoparietal,R_a9-46v_ROI,R,0.873684210526316
FEEDBACK_AVG,269,1010,Frontoparietal,R_a10p_ROI,R,0.647887323943662
FEEDBACK_AVG,271,1013,Frontoparietal,R_11l_ROI,R,0.705882352941177
FEEDBACK_AVG,275,1009,Dorsal-Attention,R_LIPd_ROI,R,1
FEEDBACK_AVG,276,1011,Dorsal-Attention,R_6a_ROI,R,0.595870206489676
FEEDBACK_AVG,277,1011,Frontoparietal,R_i6-8_ROI,R,0.888888888888889
FEEDBACK_AVG,278,1011,Frontoparietal,R_s6-8_ROI,R,1
FEEDBACK_AVG,279,10,Cingulo-Opercular,R_43_ROI,R,0.903703703703704
FEEDBACK_AVG,280,10,Somatomotor,R_OP4_ROI,R,0.790697674418605
FEEDBACK_AVG,281,10,Somatomotor,R_OP1_ROI,R,1
FEEDBACK_AVG,282,10,Somatomotor,R_OP2-3_ROI,R,0.758620689655172
FEEDBACK_AVG,283,10,Auditory,R_52_ROI,R,0.962264150943396
FEEDBACK_AVG,284,10,Somatomotor,R_RI_ROI,R,0.96218487394958
FEEDBACK_AVG,285,10,Cingulo-Opercular,R_PFcm_ROI,R,1
FEEDBACK_AVG,286,10,Cingulo-Opercular,R_PoI2_ROI,R,0.645348837209302
FEEDBACK_AVG,287,10,Auditory,R_TA2_ROI,R,0.738738738738739
FEEDBACK_AVG,291,1012,Frontoparietal,R_AVI_ROI,R,0.973333333333333
FEEDBACK_AVG,292,1012,Orbito-Affective,R_AAIC_ROI,R,1
FEEDBACK_AVG,293,10,Cingulo-Opercular,R_FOP1_ROI,R,0.690140845070423
FEEDBACK_AVG,294,10,Cingulo-Opercular,R_FOP3_ROI,R,0.96
FEEDBACK_AVG,295,10,Somatomotor,R_FOP2_ROI,R,1
FEEDBACK_AVG,296,10,Dorsal-Attention,R_PFt_ROI,R,0.808290155440415
FEEDBACK_AVG,301,1009,Visual1,R_ProS_ROI,R,0.932330827067669
FEEDBACK_AVG,304,10,Auditory,R_PBelt_ROI,R,0.875
FEEDBACK_AVG,307,1009,Dorsal-Attention,R_PHA3_ROI,R,0.941176470588235
FEEDBACK_AVG,309,1009,Language,R_STSdp_ROI,R,0.842857142857143
FEEDBACK_AVG,310,1009,Default,R_STSvp_ROI,R,0.695364238410596
FEEDBACK_AVG,313,1009,Frontoparietal,R_TE1p_ROI,R,0.761061946902655
FEEDBACK_AVG,318,1009,Visual2,R_PH_ROI,R,0.732558139534884
FEEDBACK_AVG,324,1009,Frontoparietal,R_IP2_ROI,R,0.995412844036697
FEEDBACK_AVG,325,1009,Frontoparietal,R_IP1_ROI,R,0.984536082474227
FEEDBACK_AVG,326,1009,Dorsal-Attention,R_IP0_ROI,R,1
FEEDBACK_AVG,327,10,Cingulo-Opercular,R_PFop_ROI,R,0.948387096774194
FEEDBACK_AVG,328,10,Cingulo-Opercular,R_PF_ROI,R,0.605744125326371
FEEDBACK_AVG,329,1009,Frontoparietal,R_PFm_ROI,R,0.772823779193206
FEEDBACK_AVG,333,1009,Visual2,R_VMV1_ROI,R,0.964601769911504
FEEDBACK_AVG,334,1009,Visual2,R_VMV3_ROI,R,1
FEEDBACK_AVG,336,1009,Visual2,R_V4t_ROI,R,0.644444444444445
FEEDBACK_AVG,338,1009,Visual2,R_V3CD_ROI,R,1
FEEDBACK_AVG,339,1009,Visual2,R_LO3_ROI,R,0.892307692307692
FEEDBACK_AVG,340,1009,Visual2,R_VMV2_ROI,R,0.963855421686747
FEEDBACK_AVG,341,9,Default,R_31pd_ROI,R,0.851851851851852
FEEDBACK_AVG,342,9,Frontoparietal,R_31a_ROI,R,0.527777777777778
FEEDBACK_AVG,343,1009,Visual2,R_VVC_ROI,R,1
FEEDBACK_AVG,347,10,Cingulo-Opercular,R_PoI1_ROI,R,0.907975460122699
FEEDBACK_AVG,348,10,Somatomotor,R_Ig_ROI,R,0.653225806451613
FEEDBACK_AVG,350,1010,Frontoparietal,R_p10p_ROI,R,0.587837837837838
FEEDBACK_AVG,351,1010,Frontoparietal,R_p47r_ROI,R,0.96
FEEDBACK_AVG,353,10,Auditory,R_MBelt_ROI,R,0.946666666666667
FEEDBACK_AVG,354,10,Auditory,R_LBelt_ROI,R,1
FEEDBACK_AVG,355,10,Auditory,R_A4_ROI,R,0.60427807486631
FEEDBACK_AVG,359,1011,Cingulo-Opercular,R_a32pr_ROI,R,0.984251968503937
FEEDBACK_AVG_LOSE,1,1001,Visual1,L_V1_ROI,L,0.922984356197353
FEEDBACK_AVG_LOSE,4,1001,Visual2,L_V2_ROI,L,0.954765751211632
FEEDBACK_AVG_LOSE,5,1001,Visual2,L_V3_ROI,L,0.875370919881306
FEEDBACK_AVG_LOSE,6,1001,Visual2,L_V4_ROI,L,1
FEEDBACK_AVG_LOSE,7,1001,Visual2,L_V8_ROI,L,1
FEEDBACK_AVG_LOSE,9,1,Somatomotor,L_3b_ROI,L,0.749128919860627
FEEDBACK_AVG_LOSE,11,1006,Dorsal-Attention,L_PEF_ROI,L,0.666666666666667
FEEDBACK_AVG_LOSE,13,1001,Visual2,L_V3A_ROI,L,0.821192052980132
FEEDBACK_AVG_LOSE,14,1,Frontoparietal,L_RSC_ROI,L,0.781990521327014
FEEDBACK_AVG_LOSE,15,1,Frontoparietal,L_POS2_ROI,L,0.692
FEEDBACK_AVG_LOSE,16,1001,Visual2,L_V7_ROI,L,0.886363636363636
FEEDBACK_AVG_LOSE,17,1001,Visual2,L_IPS1_ROI,L,0.718518518518519
FEEDBACK_AVG_LOSE,18,1001,Visual2,L_FFC_ROI,L,0.993377483443709
FEEDBACK_AVG_LOSE,19,1001,Visual2,L_V3B_ROI,L,1
FEEDBACK_AVG_LOSE,20,1001,Visual2,L_LO1_ROI,L,1
FEEDBACK_AVG_LOSE,21,1001,Visual2,L_LO2_ROI,L,1
FEEDBACK_AVG_LOSE,22,1001,Visual2,L_PIT_ROI,L,1
FEEDBACK_AVG_LOSE,24,1,Auditory,L_A1_ROI,L,0.857142857142857
FEEDBACK_AVG_LOSE,30,1,Default,L_7m_ROI,L,0.646153846153846
FEEDBACK_AVG_LOSE,31,1,Default,L_POS1_ROI,L,0.96
FEEDBACK_AVG_LOSE,32,1,Default,L_23d_ROI,L,0.728395061728395
FEEDBACK_AVG_LOSE,33,1,Default,L_v23ab_ROI,L,1
FEEDBACK_AVG_LOSE,34,1,Default,L_d23ab_ROI,L,0.897727272727273
FEEDBACK_AVG_LOSE,35,1,Default,L_31pv_ROI,L,1
FEEDBACK_AVG_LOSE,36,1,Somatomotor,L_5m_ROI,L,0.892857142857143
FEEDBACK_AVG_LOSE,37,1,Cingulo-Opercular,L_5mv_ROI,L,0.963350785340314
FEEDBACK_AVG_LOSE,38,1,Cingulo-Opercular,L_23c_ROI,L,1
FEEDBACK_AVG_LOSE,39,1,Somatomotor,L_5L_ROI,L,0.973404255319149
FEEDBACK_AVG_LOSE,40,1,Somatomotor,L_24dd_ROI,L,0.883408071748879
FEEDBACK_AVG_LOSE,41,1,Somatomotor,L_24dv_ROI,L,0.893617021276596
FEEDBACK_AVG_LOSE,42,1,Somatomotor,L_7AL_ROI,L,1
FEEDBACK_AVG_LOSE,43,1002,Cingulo-Opercular,L_SCEF_ROI,L,0.551724137931035
FEEDBACK_AVG_LOSE,45,1,Cingulo-Opercular,L_7Am_ROI,L,0.504807692307692
FEEDBACK_AVG_LOSE,46,1001,Dorsal-Attention,L_7PL_ROI,L,0.762886597938144
FEEDBACK_AVG_LOSE,47,1,Somatomotor,L_7PC_ROI,L,0.865497076023392
FEEDBACK_AVG_LOSE,48,1001,Visual2,L_LIPv_ROI,L,0.546153846153846
FEEDBACK_AVG_LOSE,50,1001,Dorsal-Attention,L_MIP_ROI,L,1
FEEDBACK_AVG_LOSE,51,1,Somatomotor,L_1_ROI,L,0.855361596009975
FEEDBACK_AVG_LOSE,52,1,Somatomotor,L_2_ROI,L,0.979094076655052
FEEDBACK_AVG_LOSE,54,1,Somatomotor,L_6d_ROI,L,0.792207792207792
FEEDBACK_AVG_LOSE,55,1,Somatomotor,L_6mp_ROI,L,0.833333333333333
FEEDBACK_AVG_LOSE,57,1,Cingulo-Opercular,L_p24pr_ROI,L,0.925925925925926
FEEDBACK_AVG_LOSE,59,1,Cingulo-Opercular,L_a24pr_ROI,L,0.659574468085106
FEEDBACK_AVG_LOSE,61,5,Default,L_a24_ROI,L,0.833333333333333
FEEDBACK_AVG_LOSE,64,5,Default,L_p32_ROI,L,0.98989898989899
FEEDBACK_AVG_LOSE,65,5,Default,L_10r_ROI,L,1
FEEDBACK_AVG_LOSE,66,4,Default,L_47m_ROI,L,1
FEEDBACK_AVG_LOSE,68,8,Default,L_8Ad_ROI,L,0.851239669421488
FEEDBACK_AVG_LOSE,72,5,Default,L_10d_ROI,L,0.954248366013072
FEEDBACK_AVG_LOSE,73,1006,Frontoparietal,L_8C_ROI,L,0.66147859922179
FEEDBACK_AVG_LOSE,80,1006,Frontoparietal,L_IFJp_ROI,L,0.954022988505747
FEEDBACK_AVG_LOSE,88,5,Default,L_10v_ROI,L,0.556390977443609
FEEDBACK_AVG_LOSE,92,4,Frontoparietal,L_13l_ROI,L,0.666666666666667
FEEDBACK_AVG_LOSE,95,1001,Dorsal-Attention,L_LIPd_ROI,L,1
FEEDBACK_AVG_LOSE,99,1,Cingulo-Opercular,L_43_ROI,L,0.76984126984127
FEEDBACK_AVG_LOSE,100,1,Somatomotor,L_OP4_ROI,L,0.849056603773585
FEEDBACK_AVG_LOSE,101,1,Somatomotor,L_OP1_ROI,L,1
FEEDBACK_AVG_LOSE,102,1,Somatomotor,L_OP2-3_ROI,L,0.971631205673759
FEEDBACK_AVG_LOSE,103,1,Auditory,L_52_ROI,L,1
FEEDBACK_AVG_LOSE,104,1,Auditory,L_RI_ROI,L,0.921951219512195
FEEDBACK_AVG_LOSE,105,1,Cingulo-Opercular,L_PFcm_ROI,L,0.931297709923664
FEEDBACK_AVG_LOSE,106,1,Cingulo-Opercular,L_PoI2_ROI,L,0.968944099378882
FEEDBACK_AVG_LOSE,107,1,Auditory,L_TA2_ROI,L,0.619718309859155
FEEDBACK_AVG_LOSE,111,1005,Frontoparietal,L_AVI_ROI,L,0.833333333333333
FEEDBACK_AVG_LOSE,113,1,Cingulo-Opercular,L_FOP1_ROI,L,1
FEEDBACK_AVG_LOSE,114,1,Cingulo-Opercular,L_FOP3_ROI,L,0.952380952380952
FEEDBACK_AVG_LOSE,115,1,Somatomotor,L_FOP2_ROI,L,0.884615384615385
FEEDBACK_AVG_LOSE,116,1,Dorsal-Attention,L_PFt_ROI,L,0.887179487179487
FEEDBACK_AVG_LOSE,121,1001,Visual1,L_ProS_ROI,L,0.804347826086957
FEEDBACK_AVG_LOSE,124,1,Auditory,L_PBelt_ROI,L,1
FEEDBACK_AVG_LOSE,125,1004,Language,L_A5_ROI,L,0.557971014492754
FEEDBACK_AVG_LOSE,129,1004,Language,L_STSdp_ROI,L,0.85929648241206
FEEDBACK_AVG_LOSE,137,2,Dorsal-Attention,L_PHT_ROI,L,0.587912087912088
FEEDBACK_AVG_LOSE,138,1001,Visual2,L_PH_ROI,L,0.706666666666667
FEEDBACK_AVG_LOSE,139,1004,Language,L_TPOJ1_ROI,L,0.607734806629834
FEEDBACK_AVG_LOSE,140,2,Posterior-Multimodal,L_TPOJ2_ROI,L,0.5
FEEDBACK_AVG_LOSE,144,1001,Frontoparietal,L_IP2_ROI,L,0.666666666666667
FEEDBACK_AVG_LOSE,145,1001,Frontoparietal,L_IP1_ROI,L,0.518518518518519
FEEDBACK_AVG_LOSE,146,1001,Dorsal-Attention,L_IP0_ROI,L,0.703703703703704
FEEDBACK_AVG_LOSE,147,1,Cingulo-Opercular,L_PFop_ROI,L,1
FEEDBACK_AVG_LOSE,148,1,Cingulo-Opercular,L_PF_ROI,L,0.540322580645161
FEEDBACK_AVG_LOSE,151,2,Default,L_PGs_ROI,L,0.685245901639344
FEEDBACK_AVG_LOSE,153,1001,Visual2,L_VMV1_ROI,L,0.943181818181818
FEEDBACK_AVG_LOSE,154,1001,Visual2,L_VMV3_ROI,L,1
FEEDBACK_AVG_LOSE,155,6,Default,L_PHA2_ROI,L,0.691176470588235
FEEDBACK_AVG_LOSE,156,1001,Visual2,L_V4t_ROI,L,1
FEEDBACK_AVG_LOSE,157,2,Visual2,L_FST_ROI,L,0.551020408163265
FEEDBACK_AVG_LOSE,158,1001,Visual2,L_V3CD_ROI,L,1
FEEDBACK_AVG_LOSE,159,1001,Visual2,L_LO3_ROI,L,0.816666666666667
FEEDBACK_AVG_LOSE,160,1001,Visual2,L_VMV2_ROI,L,0.782608695652174
FEEDBACK_AVG_LOSE,161,1,Default,L_31pd_ROI,L,0.962962962962963
FEEDBACK_AVG_LOSE,162,1,Default,L_31a_ROI,L,1
FEEDBACK_AVG_LOSE,163,1001,Visual2,L_VVC_ROI,L,1
FEEDBACK_AVG_LOSE,164,5,Default,L_25_ROI,L,0.527272727272727
FEEDBACK_AVG_LOSE,165,5,Default,L_s32_ROI,L,0.796296296296296
FEEDBACK_AVG_LOSE,167,1,Cingulo-Opercular,L_PoI1_ROI,L,0.993506493506494
FEEDBACK_AVG_LOSE,168,1,Somatomotor,L_Ig_ROI,L,0.984615384615385
FEEDBACK_AVG_LOSE,173,1,Auditory,L_MBelt_ROI,L,0.978021978021978
FEEDBACK_AVG_LOSE,174,1,Auditory,L_LBelt_ROI,L,0.986842105263158
FEEDBACK_AVG_LOSE,175,1,Auditory,L_A4_ROI,L,0.573529411764706
FEEDBACK_AVG_LOSE,179,1002,Cingulo-Opercular,L_a32pr_ROI,L,0.7890625
FEEDBACK_AVG_LOSE,181,1009,Visual1,R_V1_ROI,R,0.928843710292249
FEEDBACK_AVG_LOSE,184,1009,Visual2,R_V2_ROI,R,0.976705490848586
FEEDBACK_AVG_LOSE,185,1009,Visual2,R_V3_ROI,R,0.861671469740634
FEEDBACK_AVG_LOSE,186,1009,Visual2,R_V4_ROI,R,0.986666666666667
FEEDBACK_AVG_LOSE,187,1009,Visual2,R_V8_ROI,R,1
FEEDBACK_AVG_LOSE,189,10,Somatomotor,R_3b_ROI,R,0.648114901256733
FEEDBACK_AVG_LOSE,191,1010,Cingulo-Opercular,R_PEF_ROI,R,0.516483516483517
FEEDBACK_AVG_LOSE,192,1008,Language,R_55b_ROI,R,0.607476635514019
FEEDBACK_AVG_LOSE,193,1009,Visual2,R_V3A_ROI,R,0.82312925170068
FEEDBACK_AVG_LOSE,196,1009,Visual2,R_V7_ROI,R,0.888888888888889
FEEDBACK_AVG_LOSE,197,1009,Visual2,R_IPS1_ROI,R,0.846846846846847
FEEDBACK_AVG_LOSE,198,1009,Visual2,R_FFC_ROI,R,0.994011976047904
FEEDBACK_AVG_LOSE,199,1009,Visual2,R_V3B_ROI,R,1
FEEDBACK_AVG_LOSE,200,1009,Visual2,R_LO1_ROI,R,1
FEEDBACK_AVG_LOSE,201,1009,Visual2,R_LO2_ROI,R,1
FEEDBACK_AVG_LOSE,202,1009,Visual2,R_PIT_ROI,R,1
FEEDBACK_AVG_LOSE,204,10,Auditory,R_A1_ROI,R,1
FEEDBACK_AVG_LOSE,206,1008,Language,R_SFL_ROI,R,0.857142857142857
FEEDBACK_AVG_LOSE,209,1009,Frontoparietal,R_7Pm_ROI,R,0.958333333333333
FEEDBACK_AVG_LOSE,211,9,Default,R_POS1_ROI,R,0.783018867924528
FEEDBACK_AVG_LOSE,213,9,Default,R_v23ab_ROI,R,1
FEEDBACK_AVG_LOSE,214,9,Default,R_d23ab_ROI,R,0.936170212765957
FEEDBACK_AVG_LOSE,215,9,Default,R_31pv_ROI,R,0.918918918918919
FEEDBACK_AVG_LOSE,217,10,Cingulo-Opercular,R_5mv_ROI,R,0.877272727272727
FEEDBACK_AVG_LOSE,218,10,Cingulo-Opercular,R_23c_ROI,R,0.676579925650558
FEEDBACK_AVG_LOSE,219,10,Somatomotor,R_5L_ROI,R,0.984771573604061
FEEDBACK_AVG_LOSE,220,10,Somatomotor,R_24dd_ROI,R,0.858870967741936
FEEDBACK_AVG_LOSE,221,10,Somatomotor,R_24dv_ROI,R,0.968152866242038
FEEDBACK_AVG_LOSE,222,10,Somatomotor,R_7AL_ROI,R,1
FEEDBACK_AVG_LOSE,224,1008,Cingulo-Opercular,R_6ma_ROI,R,0.545454545454545
FEEDBACK_AVG_LOSE,226,1009,Dorsal-Attention,R_7PL_ROI,R,0.779220779220779
FEEDBACK_AVG_LOSE,227,10,Somatomotor,R_7PC_ROI,R,0.994897959183674
FEEDBACK_AVG_LOSE,228,1009,Visual2,R_LIPv_ROI,R,0.538961038961039
FEEDBACK_AVG_LOSE,230,1009,Dorsal-Attention,R_MIP_ROI,R,0.911111111111111
FEEDBACK_AVG_LOSE,231,10,Somatomotor,R_1_ROI,R,0.816537467700258
FEEDBACK_AVG_LOSE,232,10,Somatomotor,R_2_ROI,R,1
FEEDBACK_AVG_LOSE,233,10,Somatomotor,R_3a_ROI,R,0.653125
FEEDBACK_AVG_LOSE,234,10,Somatomotor,R_6d_ROI,R,0.99438202247191
FEEDBACK_AVG_LOSE,235,10,Somatomotor,R_6mp_ROI,R,0.840148698884758
FEEDBACK_AVG_LOSE,236,10,Somatomotor,R_6v_ROI,R,0.52991452991453
FEEDBACK_AVG_LOSE,237,10,Cingulo-Opercular,R_p24pr_ROI,R,0.967391304347826
FEEDBACK_AVG_LOSE,239,10,Cingulo-Opercular,R_a24pr_ROI,R,0.905660377358491
FEEDBACK_AVG_LOSE,242,1008,Frontoparietal,R_d32_ROI,R,0.975609756097561
FEEDBACK_AVG_LOSE,243,1008,Frontoparietal,R_8BM_ROI,R,0.817142857142857
FEEDBACK_AVG_LOSE,245,14,Default,R_10r_ROI,R,0.986486486486486
FEEDBACK_AVG_LOSE,246,11,Default,R_47m_ROI,R,0.950819672131147
FEEDBACK_AVG_LOSE,253,1010,Frontoparietal,R_8C_ROI,R,0.860082304526749
FEEDBACK_AVG_LOSE,258,1010,Cingulo-Opercular,R_6r_ROI,R,0.638783269961977
FEEDBACK_AVG_LOSE,260,1010,Frontoparietal,R_IFJp_ROI,R,0.952380952380952
FEEDBACK_AVG_LOSE,261,1010,Frontoparietal,R_IFSp_ROI,R,0.781954887218045
FEEDBACK_AVG_LOSE,262,1010,Cingulo-Opercular,R_IFSa_ROI,R,0.576923076923077
FEEDBACK_AVG_LOSE,263,1010,Frontoparietal,R_p9-46v_ROI,R,0.889502762430939
FEEDBACK_AVG_LOSE,265,1010,Frontoparietal,R_a9-46v_ROI,R,0.631578947368421
FEEDBACK_AVG_LOSE,268,14,Default,R_10v_ROI,R,0.530612244897959
FEEDBACK_AVG_LOSE,269,1012,Frontoparietal,R_a10p_ROI,R,0.52112676056338
FEEDBACK_AVG_LOSE,271,1013,Frontoparietal,R_11l_ROI,R,0.705882352941177
FEEDBACK_AVG_LOSE,275,1009,Dorsal-Attention,R_LIPd_ROI,R,1
FEEDBACK_AVG_LOSE,276,1008,Dorsal-Attention,R_6a_ROI,R,0.578171091445428
FEEDBACK_AVG_LOSE,277,1008,Frontoparietal,R_i6-8_ROI,R,0.717171717171717
FEEDBACK_AVG_LOSE,278,1008,Frontoparietal,R_s6-8_ROI,R,1
FEEDBACK_AVG_LOSE,279,10,Cingulo-Opercular,R_43_ROI,R,0.933333333333333
FEEDBACK_AVG_LOSE,280,10,Somatomotor,R_OP4_ROI,R,0.869767441860465
FEEDBACK_AVG_LOSE,281,10,Somatomotor,R_OP1_ROI,R,1
FEEDBACK_AVG_LOSE,282,10,Somatomotor,R_OP2-3_ROI,R,0.931034482758621
FEEDBACK_AVG_LOSE,283,10,Auditory,R_52_ROI,R,0.981132075471698
FEEDBACK_AVG_LOSE,284,10,Somatomotor,R_RI_ROI,R,0.974789915966386
FEEDBACK_AVG_LOSE,285,10,Cingulo-Opercular,R_PFcm_ROI,R,1
FEEDBACK_AVG_LOSE,286,10,Cingulo-Opercular,R_PoI2_ROI,R,0.72093023255814
FEEDBACK_AVG_LOSE,287,10,Auditory,R_TA2_ROI,R,0.747747747747748
FEEDBACK_AVG_LOSE,291,1011,Frontoparietal,R_AVI_ROI,R,0.96
FEEDBACK_AVG_LOSE,292,1011,Orbito-Affective,R_AAIC_ROI,R,0.936507936507937
FEEDBACK_AVG_LOSE,293,10,Cingulo-Opercular,R_FOP1_ROI,R,0.619718309859155
FEEDBACK_AVG_LOSE,294,10,Cingulo-Opercular,R_FOP3_ROI,R,0.946666666666667
FEEDBACK_AVG_LOSE,295,10,Somatomotor,R_FOP2_ROI,R,1
FEEDBACK_AVG_LOSE,296,10,Dorsal-Attention,R_PFt_ROI,R,0.813471502590674
FEEDBACK_AVG_LOSE,301,1009,Visual1,R_ProS_ROI,R,0.902255639097744
FEEDBACK_AVG_LOSE,303,1015,Language,R_STGa_ROI,R,0.5625
FEEDBACK_AVG_LOSE,304,10,Auditory,R_PBelt_ROI,R,0.96875
FEEDBACK_AVG_LOSE,307,1009,Dorsal-Attention,R_PHA3_ROI,R,0.929411764705882
FEEDBACK_AVG_LOSE,309,1009,Language,R_STSdp_ROI,R,0.842857142857143
FEEDBACK_AVG_LOSE,310,1009,Default,R_STSvp_ROI,R,0.754966887417219
FEEDBACK_AVG_LOSE,313,1009,Frontoparietal,R_TE1p_ROI,R,0.601769911504425
FEEDBACK_AVG_LOSE,318,1009,Visual2,R_PH_ROI,R,0.72093023255814
FEEDBACK_AVG_LOSE,324,1009,Frontoparietal,R_IP2_ROI,R,0.995412844036697
FEEDBACK_AVG_LOSE,325,1009,Frontoparietal,R_IP1_ROI,R,0.943298969072165
FEEDBACK_AVG_LOSE,326,1009,Dorsal-Attention,R_IP0_ROI,R,1
FEEDBACK_AVG_LOSE,327,10,Cingulo-Opercular,R_PFop_ROI,R,0.987096774193548
FEEDBACK_AVG_LOSE,328,10,Cingulo-Opercular,R_PF_ROI,R,0.592689295039165
FEEDBACK_AVG_LOSE,329,1009,Frontoparietal,R_PFm_ROI,R,0.89171974522293
FEEDBACK_AVG_LOSE,333,1009,Visual2,R_VMV1_ROI,R,0.911504424778761
FEEDBACK_AVG_LOSE,334,1009,Visual2,R_VMV3_ROI,R,1
FEEDBACK_AVG_LOSE,336,1009,Visual2,R_V4t_ROI,R,0.644444444444445
FEEDBACK_AVG_LOSE,337,12,Visual2,R_FST_ROI,R,0.558441558441558
FEEDBACK_AVG_LOSE,338,1009,Visual2,R_V3CD_ROI,R,1
FEEDBACK_AVG_LOSE,339,1009,Visual2,R_LO3_ROI,R,0.876923076923077
FEEDBACK_AVG_LOSE,340,1009,Visual2,R_VMV2_ROI,R,0.927710843373494
FEEDBACK_AVG_LOSE,341,9,Default,R_31pd_ROI,R,0.864197530864198
FEEDBACK_AVG_LOSE,342,9,Frontoparietal,R_31a_ROI,R,0.638888888888889
FEEDBACK_AVG_LOSE,343,1009,Visual2,R_VVC_ROI,R,1
FEEDBACK_AVG_LOSE,347,10,Cingulo-Opercular,R_PoI1_ROI,R,0.94478527607362
FEEDBACK_AVG_LOSE,348,10,Somatomotor,R_Ig_ROI,R,0.798387096774194
FEEDBACK_AVG_LOSE,351,1010,Frontoparietal,R_p47r_ROI,R,0.73
FEEDBACK_AVG_LOSE,353,10,Auditory,R_MBelt_ROI,R,0.946666666666667
FEEDBACK_AVG_LOSE,354,10,Auditory,R_LBelt_ROI,R,1
FEEDBACK_AVG_LOSE,355,10,Auditory,R_A4_ROI,R,0.72192513368984
FEEDBACK_AVG_LOSE,359,1008,Cingulo-Opercular,R_a32pr_ROI,R,0.984251968503937
FEEDBACK_AVG_WIN,1,1002,Visual1,L_V1_ROI,L,0.9338146811071
FEEDBACK_AVG_WIN,3,1002,Visual2,L_V6_ROI,L,0.552631578947369
FEEDBACK_AVG_WIN,4,1002,Visual2,L_V2_ROI,L,0.978998384491115
FEEDBACK_AVG_WIN,5,1002,Visual2,L_V3_ROI,L,0.991097922848665
FEEDBACK_AVG_WIN,6,1002,Visual2,L_V4_ROI,L,1
FEEDBACK_AVG_WIN,7,1002,Visual2,L_V8_ROI,L,1
FEEDBACK_AVG_WIN,9,1,Somatomotor,L_3b_ROI,L,0.609756097560976
FEEDBACK_AVG_WIN,11,1001,Dorsal-Attention,L_PEF_ROI,L,0.972222222222222
FEEDBACK_AVG_WIN,13,1002,Visual2,L_V3A_ROI,L,0.894039735099338
FEEDBACK_AVG_WIN,16,1002,Visual2,L_V7_ROI,L,1
FEEDBACK_AVG_WIN,17,1002,Visual2,L_IPS1_ROI,L,0.903703703703704
FEEDBACK_AVG_WIN,18,1002,Visual2,L_FFC_ROI,L,1
FEEDBACK_AVG_WIN,19,1002,Visual2,L_V3B_ROI,L,1
FEEDBACK_AVG_WIN,20,1002,Visual2,L_LO1_ROI,L,1
FEEDBACK_AVG_WIN,21,1002,Visual2,L_LO2_ROI,L,1
FEEDBACK_AVG_WIN,22,1002,Visual2,L_PIT_ROI,L,1
FEEDBACK_AVG_WIN,23,1002,Visual2,L_MT_ROI,L,0.53448275862069
FEEDBACK_AVG_WIN,24,1,Auditory,L_A1_ROI,L,0.584415584415584
FEEDBACK_AVG_WIN,30,1,Default,L_7m_ROI,L,0.692307692307692
FEEDBACK_AVG_WIN,31,1,Default,L_POS1_ROI,L,0.937777777777778
FEEDBACK_AVG_WIN,33,1,Default,L_v23ab_ROI,L,1
FEEDBACK_AVG_WIN,35,1,Default,L_31pv_ROI,L,0.779816513761468
FEEDBACK_AVG_WIN,37,1,Cingulo-Opercular,L_5mv_ROI,L,0.973821989528796
FEEDBACK_AVG_WIN,38,1,Cingulo-Opercular,L_23c_ROI,L,0.954732510288066
FEEDBACK_AVG_WIN,39,1,Somatomotor,L_5L_ROI,L,0.877659574468085
FEEDBACK_AVG_WIN,40,1,Somatomotor,L_24dd_ROI,L,0.565022421524664
FEEDBACK_AVG_WIN,41,1,Somatomotor,L_24dv_ROI,L,0.872340425531915
FEEDBACK_AVG_WIN,42,1,Somatomotor,L_7AL_ROI,L,0.990196078431373
FEEDBACK_AVG_WIN,43,1003,Cingulo-Opercular,L_SCEF_ROI,L,0.650246305418719
FEEDBACK_AVG_WIN,45,1,Cingulo-Opercular,L_7Am_ROI,L,0.504807692307692
FEEDBACK_AVG_WIN,46,1002,Dorsal-Attention,L_7PL_ROI,L,0.824742268041237
FEEDBACK_AVG_WIN,47,1,Somatomotor,L_7PC_ROI,L,0.713450292397661
FEEDBACK_AVG_WIN,48,1002,Visual2,L_LIPv_ROI,L,0.630769230769231
FEEDBACK_AVG_WIN,50,1002,Dorsal-Attention,L_MIP_ROI,L,1
FEEDBACK_AVG_WIN,51,1,Somatomotor,L_1_ROI,L,0.800498753117207
FEEDBACK_AVG_WIN,52,1,Somatomotor,L_2_ROI,L,0.942508710801394
FEEDBACK_AVG_WIN,55,2,Somatomotor,L_6mp_ROI,L,0.531007751937985
FEEDBACK_AVG_WIN,57,1,Cingulo-Opercular,L_p24pr_ROI,L,0.962962962962963
FEEDBACK_AVG_WIN,59,1,Cingulo-Opercular,L_a24pr_ROI,L,0.627659574468085
FEEDBACK_AVG_WIN,62,1003,Default,L_d32_ROI,L,0.508333333333333
FEEDBACK_AVG_WIN,63,1003,Frontoparietal,L_8BM_ROI,L,0.528735632183908
FEEDBACK_AVG_WIN,64,6,Default,L_p32_ROI,L,0.828282828282828
FEEDBACK_AVG_WIN,65,6,Default,L_10r_ROI,L,0.957446808510638
FEEDBACK_AVG_WIN,66,5,Default,L_47m_ROI,L,0.886792452830189
FEEDBACK_AVG_WIN,68,8,Default,L_8Ad_ROI,L,0.793388429752066
FEEDBACK_AVG_WIN,72,6,Default,L_10d_ROI,L,0.679738562091503
FEEDBACK_AVG_WIN,73,1001,Frontoparietal,L_8C_ROI,L,0.556420233463035
FEEDBACK_AVG_WIN,77,1006,Frontoparietal,L_a47r_ROI,L,0.596590909090909
FEEDBACK_AVG_WIN,79,1001,Language,L_IFJa_ROI,L,0.522727272727273
FEEDBACK_AVG_WIN,80,1001,Frontoparietal,L_IFJp_ROI,L,1
FEEDBACK_AVG_WIN,83,1001,Frontoparietal,L_p9-46v_ROI,L,0.578125
FEEDBACK_AVG_WIN,88,6,Default,L_10v_ROI,L,0.518796992481203
FEEDBACK_AVG_WIN,95,1002,Dorsal-Attention,L_LIPd_ROI,L,1
FEEDBACK_AVG_WIN,99,1,Cingulo-Opercular,L_43_ROI,L,0.555555555555556
FEEDBACK_AVG_WIN,100,1,Somatomotor,L_OP4_ROI,L,0.632075471698113
FEEDBACK_AVG_WIN,101,1,Somatomotor,L_OP1_ROI,L,1
FEEDBACK_AVG_WIN,102,1,Somatomotor,L_OP2-3_ROI,L,0.950354609929078
FEEDBACK_AVG_WIN,103,1,Auditory,L_52_ROI,L,1
FEEDBACK_AVG_WIN,104,1,Auditory,L_RI_ROI,L,0.653658536585366
FEEDBACK_AVG_WIN,105,1,Cingulo-Opercular,L_PFcm_ROI,L,0.900763358778626
FEEDBACK_AVG_WIN,106,1,Cingulo-Opercular,L_PoI2_ROI,L,0.677018633540373
FEEDBACK_AVG_WIN,111,1007,Frontoparietal,L_AVI_ROI,L,0.746031746031746
FEEDBACK_AVG_WIN,112,1007,Orbito-Affective,L_AAIC_ROI,L,0.671052631578947
FEEDBACK_AVG_WIN,113,1,Cingulo-Opercular,L_FOP1_ROI,L,1
FEEDBACK_AVG_WIN,114,1,Cingulo-Opercular,L_FOP3_ROI,L,0.952380952380952
FEEDBACK_AVG_WIN,115,1,Somatomotor,L_FOP2_ROI,L,0.788461538461538
FEEDBACK_AVG_WIN,116,1,Dorsal-Attention,L_PFt_ROI,L,0.82051282051282
FEEDBACK_AVG_WIN,121,1002,Visual1,L_ProS_ROI,L,0.826086956521739
FEEDBACK_AVG_WIN,124,1,Auditory,L_PBelt_ROI,L,0.518292682926829
FEEDBACK_AVG_WIN,125,1005,Language,L_A5_ROI,L,0.652173913043478
FEEDBACK_AVG_WIN,129,1005,Language,L_STSdp_ROI,L,0.768844221105528
FEEDBACK_AVG_WIN,137,3,Dorsal-Attention,L_PHT_ROI,L,0.532967032967033
FEEDBACK_AVG_WIN,138,1002,Visual2,L_PH_ROI,L,0.808888888888889
FEEDBACK_AVG_WIN,139,1005,Language,L_TPOJ1_ROI,L,0.828729281767956
FEEDBACK_AVG_WIN,144,1002,Frontoparietal,L_IP2_ROI,L,0.909090909090909
FEEDBACK_AVG_WIN,145,1002,Frontoparietal,L_IP1_ROI,L,0.724867724867725
FEEDBACK_AVG_WIN,146,1002,Dorsal-Attention,L_IP0_ROI,L,0.824074074074074
FEEDBACK_AVG_WIN,147,1,Cingulo-Opercular,L_PFop_ROI,L,1
FEEDBACK_AVG_WIN,148,1,Cingulo-Opercular,L_PF_ROI,L,0.666666666666667
FEEDBACK_AVG_WIN,150,3,Default,L_PGi_ROI,L,0.509302325581395
FEEDBACK_AVG_WIN,151,3,Default,L_PGs_ROI,L,0.554098360655738
FEEDBACK_AVG_WIN,153,1002,Visual2,L_VMV1_ROI,L,0.965909090909091
FEEDBACK_AVG_WIN,154,1002,Visual2,L_VMV3_ROI,L,1
FEEDBACK_AVG_WIN,155,7,Default,L_PHA2_ROI,L,0.617647058823529
FEEDBACK_AVG_WIN,156,1002,Visual2,L_V4t_ROI,L,1
FEEDBACK_AVG_WIN,158,1002,Visual2,L_V3CD_ROI,L,1
FEEDBACK_AVG_WIN,159,1002,Visual2,L_LO3_ROI,L,0.916666666666667
FEEDBACK_AVG_WIN,160,1002,Visual2,L_VMV2_ROI,L,0.869565217391304
FEEDBACK_AVG_WIN,161,1,Default,L_31pd_ROI,L,0.953703703703704
FEEDBACK_AVG_WIN,162,1,Default,L_31a_ROI,L,0.9375
FEEDBACK_AVG_WIN,163,1002,Visual2,L_VVC_ROI,L,1
FEEDBACK_AVG_WIN,167,1,Cingulo-Opercular,L_PoI1_ROI,L,0.967532467532468
FEEDBACK_AVG_WIN,168,1,Somatomotor,L_Ig_ROI,L,0.507692307692308
FEEDBACK_AVG_WIN,173,1,Auditory,L_MBelt_ROI,L,0.868131868131868
FEEDBACK_AVG_WIN,174,1,Auditory,L_LBelt_ROI,L,0.75
FEEDBACK_AVG_WIN,179,1003,Cingulo-Opercular,L_a32pr_ROI,L,0.84375
FEEDBACK_AVG_WIN,181,1010,Visual1,R_V1_ROI,R,0.956797966963151
FEEDBACK_AVG_WIN,183,1010,Visual2,R_V6_ROI,R,0.747967479674797
FEEDBACK_AVG_WIN,184,1010,Visual2,R_V2_ROI,R,0.990016638935108
FEEDBACK_AVG_WIN,185,1010,Visual2,R_V3_ROI,R,0.965417867435158
FEEDBACK_AVG_WIN,186,1010,Visual2,R_V4_ROI,R,1
FEEDBACK_AVG_WIN,187,1010,Visual2,R_V8_ROI,R,1
FEEDBACK_AVG_WIN,191,1011,Cingulo-Opercular,R_PEF_ROI,R,0.648351648351648
FEEDBACK_AVG_WIN,193,1010,Visual2,R_V3A_ROI,R,0.884353741496599
FEEDBACK_AVG_WIN,196,1010,Visual2,R_V7_ROI,R,0.955555555555556
FEEDBACK_AVG_WIN,197,1010,Visual2,R_IPS1_ROI,R,0.90990990990991
FEEDBACK_AVG_WIN,198,1010,Visual2,R_FFC_ROI,R,0.994011976047904
FEEDBACK_AVG_WIN,199,1010,Visual2,R_V3B_ROI,R,1
FEEDBACK_AVG_WIN,200,1010,Visual2,R_LO1_ROI,R,1
FEEDBACK_AVG_WIN,201,1010,Visual2,R_LO2_ROI,R,1
FEEDBACK_AVG_WIN,202,1010,Visual2,R_PIT_ROI,R,1
FEEDBACK_AVG_WIN,205,11,Cingulo-Opercular,R_PSL_ROI,R,0.502857142857143
FEEDBACK_AVG_WIN,209,1010,Frontoparietal,R_7Pm_ROI,R,0.708333333333333
FEEDBACK_AVG_WIN,211,10,Default,R_POS1_ROI,R,0.688679245283019
FEEDBACK_AVG_WIN,213,10,Default,R_v23ab_ROI,R,1
FEEDBACK_AVG_WIN,215,10,Default,R_31pv_ROI,R,0.648648648648649
FEEDBACK_AVG_WIN,217,11,Cingulo-Opercular,R_5mv_ROI,R,0.740909090909091
FEEDBACK_AVG_WIN,218,11,Cingulo-Opercular,R_23c_ROI,R,0.594795539033457
FEEDBACK_AVG_WIN,219,11,Somatomotor,R_5L_ROI,R,0.898477157360406
FEEDBACK_AVG_WIN,220,11,Somatomotor,R_24dd_ROI,R,0.633064516129032
FEEDBACK_AVG_WIN,221,11,Somatomotor,R_24dv_ROI,R,0.885350318471338
FEEDBACK_AVG_WIN,222,11,Somatomotor,R_7AL_ROI,R,1
FEEDBACK_AVG_WIN,224,1013,Cingulo-Opercular,R_6ma_ROI,R,0.511961722488038
FEEDBACK_AVG_WIN,226,1010,Dorsal-Attention,R_7PL_ROI,R,0.597402597402597
FEEDBACK_AVG_WIN,227,11,Somatomotor,R_7PC_ROI,R,0.964285714285714
FEEDBACK_AVG_WIN,228,1010,Visual2,R_LIPv_ROI,R,0.590909090909091
FEEDBACK_AVG_WIN,230,1010,Dorsal-Attention,R_MIP_ROI,R,0.9
FEEDBACK_AVG_WIN,231,11,Somatomotor,R_1_ROI,R,0.509043927648579
FEEDBACK_AVG_WIN,232,11,Somatomotor,R_2_ROI,R,0.987179487179487
FEEDBACK_AVG_WIN,234,11,Somatomotor,R_6d_ROI,R,0.792134831460674
FEEDBACK_AVG_WIN,235,11,Somatomotor,R_6mp_ROI,R,0.713754646840149
FEEDBACK_AVG_WIN,237,11,Cingulo-Opercular,R_p24pr_ROI,R,0.945652173913043
FEEDBACK_AVG_WIN,239,11,Cingulo-Opercular,R_a24pr_ROI,R,0.886792452830189
FEEDBACK_AVG_WIN,242,1012,Frontoparietal,R_d32_ROI,R,0.975609756097561
FEEDBACK_AVG_WIN,243,1012,Frontoparietal,R_8BM_ROI,R,0.777142857142857
FEEDBACK_AVG_WIN,245,14,Default,R_10r_ROI,R,0.918918918918919
FEEDBACK_AVG_WIN,253,1011,Frontoparietal,R_8C_ROI,R,0.670781893004115
FEEDBACK_AVG_WIN,257,1011,Frontoparietal,R_a47r_ROI,R,0.810344827586207
FEEDBACK_AVG_WIN,258,1011,Cingulo-Opercular,R_6r_ROI,R,0.596958174904943
FEEDBACK_AVG_WIN,259,1011,Language,R_IFJa_ROI,R,0.632911392405063
FEEDBACK_AVG_WIN,260,1011,Frontoparietal,R_IFJp_ROI,R,1
FEEDBACK_AVG_WIN,261,1011,Frontoparietal,R_IFSp_ROI,R,0.834586466165414
FEEDBACK_AVG_WIN,262,1011,Cingulo-Opercular,R_IFSa_ROI,R,0.705128205128205
FEEDBACK_AVG_WIN,263,1011,Frontoparietal,R_p9-46v_ROI,R,0.867403314917127
FEEDBACK_AVG_WIN,265,1011,Frontoparietal,R_a9-46v_ROI,R,0.884210526315789
FEEDBACK_AVG_WIN,269,1011,Frontoparietal,R_a10p_ROI,R,0.732394366197183
FEEDBACK_AVG_WIN,271,1011,Frontoparietal,R_11l_ROI,R,0.686274509803922
FEEDBACK_AVG_WIN,272,1011,Frontoparietal,R_13l_ROI,R,0.731707317073171
FEEDBACK_AVG_WIN,275,1010,Dorsal-Attention,R_LIPd_ROI,R,1
FEEDBACK_AVG_WIN,276,1013,Dorsal-Attention,R_6a_ROI,R,0.607669616519174
FEEDBACK_AVG_WIN,277,1013,Frontoparietal,R_i6-8_ROI,R,0.898989898989899
FEEDBACK_AVG_WIN,278,1013,Frontoparietal,R_s6-8_ROI,R,1
FEEDBACK_AVG_WIN,279,11,Cingulo-Opercular,R_43_ROI,R,0.82962962962963
FEEDBACK_AVG_WIN,280,11,Somatomotor,R_OP4_ROI,R,0.665116279069768
FEEDBACK_AVG_WIN,281,11,Somatomotor,R_OP1_ROI,R,1
FEEDBACK_AVG_WIN,282,11,Somatomotor,R_OP2-3_ROI,R,0.563218390804598
FEEDBACK_AVG_WIN,283,11,Auditory,R_52_ROI,R,0.924528301886792
FEEDBACK_AVG_WIN,284,11,Somatomotor,R_RI_ROI,R,0.911764705882353
FEEDBACK_AVG_WIN,285,11,Cingulo-Opercular,R_PFcm_ROI,R,1
FEEDBACK_AVG_WIN,286,11,Cingulo-Opercular,R_PoI2_ROI,R,0.563953488372093
FEEDBACK_AVG_WIN,287,11,Auditory,R_TA2_ROI,R,0.666666666666667
FEEDBACK_AVG_WIN,291,1014,Frontoparietal,R_AVI_ROI,R,0.973333333333333
FEEDBACK_AVG_WIN,292,1014,Orbito-Affective,R_AAIC_ROI,R,1
FEEDBACK_AVG_WIN,293,11,Cingulo-Opercular,R_FOP1_ROI,R,0.690140845070423
FEEDBACK_AVG_WIN,294,11,Cingulo-Opercular,R_FOP3_ROI,R,0.973333333333333
FEEDBACK_AVG_WIN,295,11,Somatomotor,R_FOP2_ROI,R,1
FEEDBACK_AVG_WIN,296,11,Dorsal-Attention,R_PFt_ROI,R,0.792746113989637
FEEDBACK_AVG_WIN,301,1010,Visual1,R_ProS_ROI,R,0.932330827067669
FEEDBACK_AVG_WIN,304,11,Auditory,R_PBelt_ROI,R,0.75
FEEDBACK_AVG_WIN,307,1010,Dorsal-Attention,R_PHA3_ROI,R,0.952941176470588
FEEDBACK_AVG_WIN,309,1010,Language,R_STSdp_ROI,R,0.828571428571429
FEEDBACK_AVG_WIN,313,1010,Frontoparietal,R_TE1p_ROI,R,0.809734513274336
FEEDBACK_AVG_WIN,318,1010,Visual2,R_PH_ROI,R,0.755813953488372
FEEDBACK_AVG_WIN,324,1010,Frontoparietal,R_IP2_ROI,R,0.995412844036697
FEEDBACK_AVG_WIN,325,1010,Frontoparietal,R_IP1_ROI,R,1
FEEDBACK_AVG_WIN,326,1010,Dorsal-Attention,R_IP0_ROI,R,1
FEEDBACK_AVG_WIN,327,11,Cingulo-Opercular,R_PFop_ROI,R,0.883870967741936
FEEDBACK_AVG_WIN,328,11,Cingulo-Opercular,R_PF_ROI,R,0.629242819843342
FEEDBACK_AVG_WIN,329,1010,Frontoparietal,R_PFm_ROI,R,0.707006369426752
FEEDBACK_AVG_WIN,333,1010,Visual2,R_VMV1_ROI,R,0.982300884955752
FEEDBACK_AVG_WIN,334,1010,Visual2,R_VMV3_ROI,R,1
FEEDBACK_AVG_WIN,336,1010,Visual2,R_V4t_ROI,R,0.688888888888889
FEEDBACK_AVG_WIN,338,1010,Visual2,R_V3CD_ROI,R,1
FEEDBACK_AVG_WIN,339,1010,Visual2,R_LO3_ROI,R,0.892307692307692
FEEDBACK_AVG_WIN,340,1010,Visual2,R_VMV2_ROI,R,0.963855421686747
FEEDBACK_AVG_WIN,341,10,Default,R_31pd_ROI,R,0.790123456790123
FEEDBACK_AVG_WIN,343,1010,Visual2,R_VVC_ROI,R,1
FEEDBACK_AVG_WIN,347,11,Cingulo-Opercular,R_PoI1_ROI,R,0.871165644171779
FEEDBACK_AVG_WIN,348,11,Somatomotor,R_Ig_ROI,R,0.548387096774194
FEEDBACK_AVG_WIN,350,1011,Frontoparietal,R_p10p_ROI,R,0.655405405405405
FEEDBACK_AVG_WIN,351,1011,Frontoparietal,R_p47r_ROI,R,0.97
FEEDBACK_AVG_WIN,353,11,Auditory,R_MBelt_ROI,R,0.626666666666667
FEEDBACK_AVG_WIN,354,11,Auditory,R_LBelt_ROI,R,0.870588235294118
FEEDBACK_AVG_WIN,357,1010,Frontoparietal,R_TE1m_ROI,R,0.5
FEEDBACK_AVG_WIN,359,1012,Cingulo-Opercular,R_a32pr_ROI,R,0.952755905511811
FEEDBACK_AVG_WIN_LOSE,1,1001,Visual1,L_V1_ROI,L,0.623345367027678
FEEDBACK_AVG_WIN_LOSE,3,1001,Visual2,L_V6_ROI,L,0.798245614035088
FEEDBACK_AVG_WIN_LOSE,5,1001,Visual2,L_V3_ROI,L,0.566765578635015
FEEDBACK_AVG_WIN_LOSE,6,1001,Visual2,L_V4_ROI,L,0.56786703601108
FEEDBACK_AVG_WIN_LOSE,7,1001,Visual2,L_V8_ROI,L,0.897959183673469
FEEDBACK_AVG_WIN_LOSE,11,1012,Dorsal-Attention,L_PEF_ROI,L,0.805555555555556
FEEDBACK_AVG_WIN_LOSE,13,1001,Visual2,L_V3A_ROI,L,0.768211920529801
FEEDBACK_AVG_WIN_LOSE,14,1001,Frontoparietal,L_RSC_ROI,L,0.658767772511848
FEEDBACK_AVG_WIN_LOSE,15,1001,Frontoparietal,L_POS2_ROI,L,0.86
FEEDBACK_AVG_WIN_LOSE,16,1001,Visual2,L_V7_ROI,L,0.681818181818182
FEEDBACK_AVG_WIN_LOSE,17,1001,Visual2,L_IPS1_ROI,L,0.548148148148148
FEEDBACK_AVG_WIN_LOSE,19,1001,Visual2,L_V3B_ROI,L,0.87012987012987
FEEDBACK_AVG_WIN_LOSE,20,1001,Visual2,L_LO1_ROI,L,0.567567567567568
FEEDBACK_AVG_WIN_LOSE,21,1001,Visual2,L_LO2_ROI,L,0.615384615384615
FEEDBACK_AVG_WIN_LOSE,23,1001,Visual2,L_MT_ROI,L,0.724137931034483
FEEDBACK_AVG_WIN_LOSE,32,1001,Default,L_23d_ROI,L,0.555555555555556
FEEDBACK_AVG_WIN_LOSE,33,1001,Default,L_v23ab_ROI,L,0.916666666666667
FEEDBACK_AVG_WIN_LOSE,34,1001,Default,L_d23ab_ROI,L,0.829545454545455
FEEDBACK_AVG_WIN_LOSE,40,1006,Somatomotor,L_24dd_ROI,L,0.62780269058296
FEEDBACK_AVG_WIN_LOSE,56,1012,Somatomotor,L_6v_ROI,L,0.635294117647059
FEEDBACK_AVG_WIN_LOSE,61,1004,Default,L_a24_ROI,L,0.711111111111111
FEEDBACK_AVG_WIN_LOSE,64,1004,Default,L_p32_ROI,L,0.565656565656566
FEEDBACK_AVG_WIN_LOSE,65,1004,Default,L_10r_ROI,L,0.574468085106383
FEEDBACK_AVG_WIN_LOSE,66,1014,Default,L_47m_ROI,L,0.830188679245283
FEEDBACK_AVG_WIN_LOSE,79,1012,Language,L_IFJa_ROI,L,0.522727272727273
FEEDBACK_AVG_WIN_LOSE,80,1012,Frontoparietal,L_IFJp_ROI,L,0.770114942528736
FEEDBACK_AVG_WIN_LOSE,81,1009,Language,L_IFSp_ROI,L,0.650485436893204
FEEDBACK_AVG_WIN_LOSE,82,1009,Frontoparietal,L_IFSa_ROI,L,0.685534591194969
FEEDBACK_AVG_WIN_LOSE,92,1014,Frontoparietal,L_13l_ROI,L,0.957264957264957
FEEDBACK_AVG_WIN_LOSE,119,1002,Default,L_PreS_ROI,L,0.50314465408805
FEEDBACK_AVG_WIN_LOSE,124,1008,Auditory,L_PBelt_ROI,L,0.518292682926829
FEEDBACK_AVG_WIN_LOSE,133,1001,Frontoparietal,L_TE1p_ROI,L,0.651260504201681
FEEDBACK_AVG_WIN_LOSE,138,1001,Visual2,L_PH_ROI,L,0.804444444444444
FEEDBACK_AVG_WIN_LOSE,142,1001,Visual1,L_DVT_ROI,L,0.542635658914729
FEEDBACK_AVG_WIN_LOSE,143,1001,Dorsal-Attention,L_PGp_ROI,L,0.714285714285714
FEEDBACK_AVG_WIN_LOSE,145,1001,Frontoparietal,L_IP1_ROI,L,0.645502645502646
FEEDBACK_AVG_WIN_LOSE,146,1001,Dorsal-Attention,L_IP0_ROI,L,0.796296296296296
FEEDBACK_AVG_WIN_LOSE,152,1001,Visual2,L_V6A_ROI,L,0.63265306122449
FEEDBACK_AVG_WIN_LOSE,158,1001,Visual2,L_V3CD_ROI,L,0.928571428571429
FEEDBACK_AVG_WIN_LOSE,162,1001,Default,L_31a_ROI,L,0.703125
FEEDBACK_AVG_WIN_LOSE,165,1004,Default,L_s32_ROI,L,0.759259259259259
FEEDBACK_AVG_WIN_LOSE,166,1014,Orbito-Affective,L_pOFC_ROI,L,0.58974358974359
FEEDBACK_AVG_WIN_LOSE,171,1009,Frontoparietal,L_p47r_ROI,L,0.961240310077519
FEEDBACK_AVG_WIN_LOSE,174,1008,Auditory,L_LBelt_ROI,L,0.881578947368421
FEEDBACK_AVG_WIN_LOSE,175,1008,Auditory,L_A4_ROI,L,0.642156862745098
FEEDBACK_AVG_WIN_LOSE,183,1017,Visual2,R_V6_ROI,R,0.699186991869919
FEEDBACK_AVG_WIN_LOSE,185,1017,Visual2,R_V3_ROI,R,0.527377521613833
FEEDBACK_AVG_WIN_LOSE,186,1017,Visual2,R_V4_ROI,R,0.56
FEEDBACK_AVG_WIN_LOSE,187,1017,Visual2,R_V8_ROI,R,0.71875
FEEDBACK_AVG_WIN_LOSE,189,1018,Somatomotor,R_3b_ROI,R,0.755834829443447
FEEDBACK_AVG_WIN_LOSE,193,1017,Visual2,R_V3A_ROI,R,0.619047619047619
FEEDBACK_AVG_WIN_LOSE,194,1017,Frontoparietal,R_RSC_ROI,R,0.558441558441558
FEEDBACK_AVG_WIN_LOSE,195,1017,Frontoparietal,R_POS2_ROI,R,0.82
FEEDBACK_AVG_WIN_LOSE,196,1017,Visual2,R_V7_ROI,R,0.666666666666667
FEEDBACK_AVG_WIN_LOSE,199,1017,Visual2,R_V3B_ROI,R,0.808219178082192
FEEDBACK_AVG_WIN_LOSE,201,1017,Visual2,R_LO2_ROI,R,0.709677419354839
FEEDBACK_AVG_WIN_LOSE,202,1017,Visual2,R_PIT_ROI,R,0.693548387096774
FEEDBACK_AVG_WIN_LOSE,204,1018,Auditory,R_A1_ROI,R,0.666666666666667
FEEDBACK_AVG_WIN_LOSE,206,3,Language,R_SFL_ROI,R,0.680672268907563
FEEDBACK_AVG_WIN_LOSE,213,1017,Default,R_v23ab_ROI,R,0.707317073170732
FEEDBACK_AVG_WIN_LOSE,214,1017,Default,R_d23ab_ROI,R,0.978723404255319
FEEDBACK_AVG_WIN_LOSE,215,1017,Default,R_31pv_ROI,R,0.522522522522523
FEEDBACK_AVG_WIN_LOSE,216,1019,Somatomotor,R_5m_ROI,R,0.519736842105263
FEEDBACK_AVG_WIN_LOSE,231,1018,Somatomotor,R_1_ROI,R,0.728682170542636
FEEDBACK_AVG_WIN_LOSE,233,1018,Somatomotor,R_3a_ROI,R,0.9125
FEEDBACK_AVG_WIN_LOSE,239,1019,Cingulo-Opercular,R_a24pr_ROI,R,0.509433962264151
FEEDBACK_AVG_WIN_LOSE,244,1024,Default,R_p32_ROI,R,0.544554455445545
FEEDBACK_AVG_WIN_LOSE,245,1024,Default,R_10r_ROI,R,0.986486486486486
FEEDBACK_AVG_WIN_LOSE,246,1022,Default,R_47m_ROI,R,0.819672131147541
FEEDBACK_AVG_WIN_LOSE,252,1024,Default,R_10d_ROI,R,0.61864406779661
FEEDBACK_AVG_WIN_LOSE,272,1022,Frontoparietal,R_13l_ROI,R,0.829268292682927
FEEDBACK_AVG_WIN_LOSE,279,1018,Cingulo-Opercular,R_43_ROI,R,0.511111111111111
FEEDBACK_AVG_WIN_LOSE,280,1018,Somatomotor,R_OP4_ROI,R,0.669767441860465
FEEDBACK_AVG_WIN_LOSE,282,1018,Somatomotor,R_OP2-3_ROI,R,0.67816091954023
FEEDBACK_AVG_WIN_LOSE,284,1018,Somatomotor,R_RI_ROI,R,0.53781512605042
FEEDBACK_AVG_WIN_LOSE,290,1023,Orbito-Affective,R_Pir_ROI,R,0.619289340101523
FEEDBACK_AVG_WIN_LOSE,304,1018,Auditory,R_PBelt_ROI,R,0.822916666666667
FEEDBACK_AVG_WIN_LOSE,318,1017,Visual2,R_PH_ROI,R,0.622093023255814
FEEDBACK_AVG_WIN_LOSE,322,1017,Visual1,R_DVT_ROI,R,0.561538461538462
FEEDBACK_AVG_WIN_LOSE,326,1017,Dorsal-Attention,R_IP0_ROI,R,0.863157894736842
FEEDBACK_AVG_WIN_LOSE,327,1018,Cingulo-Opercular,R_PFop_ROI,R,0.567741935483871
FEEDBACK_AVG_WIN_LOSE,332,1017,Visual2,R_V6A_ROI,R,0.74468085106383
FEEDBACK_AVG_WIN_LOSE,338,1017,Visual2,R_V3CD_ROI,R,0.746835443037975
FEEDBACK_AVG_WIN_LOSE,345,1024,Default,R_s32_ROI,R,0.519230769230769
FEEDBACK_AVG_WIN_LOSE,354,1018,Auditory,R_LBelt_ROI,R,0.870588235294118
FEEDBACK_AVG_WIN_LOSE,355,1018,Auditory,R_A4_ROI,R,0.636363636363636
FEEDBACK_CUE_AVG,1,1,Visual1,L_V1_ROI,L,0.937424789410349
FEEDBACK_CUE_AVG,2,1,Visual2,L_MST_ROI,L,1
FEEDBACK_CUE_AVG,3,1,Visual2,L_V6_ROI,L,1
FEEDBACK_CUE_AVG,4,1,Visual2,L_V2_ROI,L,0.975767366720517
FEEDBACK_CUE_AVG,5,1,Visual2,L_V3_ROI,L,0.99406528189911
FEEDBACK_CUE_AVG,6,1,Visual2,L_V4_ROI,L,1
FEEDBACK_CUE_AVG,7,1,Visual2,L_V8_ROI,L,1
FEEDBACK_CUE_AVG,8,1,Somatomotor,L_4_ROI,L,0.545887961859356
FEEDBACK_CUE_AVG,9,1,Somatomotor,L_3b_ROI,L,0.700348432055749
FEEDBACK_CUE_AVG,10,1,Cingulo-Opercular,L_FEF_ROI,L,1
FEEDBACK_CUE_AVG,11,1,Dorsal-Attention,L_PEF_ROI,L,1
FEEDBACK_CUE_AVG,12,1,Language,L_55b_ROI,L,1
FEEDBACK_CUE_AVG,13,1,Visual2,L_V3A_ROI,L,1
FEEDBACK_CUE_AVG,14,1,Frontoparietal,L_RSC_ROI,L,0.995260663507109
FEEDBACK_CUE_AVG,15,1,Frontoparietal,L_POS2_ROI,L,1
FEEDBACK_CUE_AVG,16,1,Visual2,L_V7_ROI,L,1
FEEDBACK_CUE_AVG,17,1,Visual2,L_IPS1_ROI,L,1
FEEDBACK_CUE_AVG,18,1,Visual2,L_FFC_ROI,L,1
FEEDBACK_CUE_AVG,19,1,Visual2,L_V3B_ROI,L,1
FEEDBACK_CUE_AVG,20,1,Visual2,L_LO1_ROI,L,1
FEEDBACK_CUE_AVG,21,1,Visual2,L_LO2_ROI,L,1
FEEDBACK_CUE_AVG,22,1,Visual2,L_PIT_ROI,L,1
FEEDBACK_CUE_AVG,23,1,Visual2,L_MT_ROI,L,1
FEEDBACK_CUE_AVG,25,1,Language,L_PSL_ROI,L,0.717791411042945
FEEDBACK_CUE_AVG,27,1,Posterior-Multimodal,L_PCV_ROI,L,1
FEEDBACK_CUE_AVG,28,1,Language,L_STV_ROI,L,0.753623188405797
FEEDBACK_CUE_AVG,29,1,Frontoparietal,L_7Pm_ROI,L,0.957446808510638
FEEDBACK_CUE_AVG,30,1,Default,L_7m_ROI,L,0.923076923076923
FEEDBACK_CUE_AVG,31,1,Default,L_POS1_ROI,L,0.728888888888889
FEEDBACK_CUE_AVG,33,1,Default,L_v23ab_ROI,L,0.986111111111111
FEEDBACK_CUE_AVG,34,1,Default,L_d23ab_ROI,L,1
FEEDBACK_CUE_AVG,35,1,Default,L_31pv_ROI,L,0.91743119266055
FEEDBACK_CUE_AVG,36,1,Somatomotor,L_5m_ROI,L,0.946428571428571
FEEDBACK_CUE_AVG,37,1,Cingulo-Opercular,L_5mv_ROI,L,0.905759162303665
FEEDBACK_CUE_AVG,38,1,Cingulo-Opercular,L_23c_ROI,L,0.991769547325103
FEEDBACK_CUE_AVG,39,1,Somatomotor,L_5L_ROI,L,0.654255319148936
FEEDBACK_CUE_AVG,40,1,Somatomotor,L_24dd_ROI,L,0.973094170403587
FEEDBACK_CUE_AVG,41,1,Somatomotor,L_24dv_ROI,L,0.985815602836879
FEEDBACK_CUE_AVG,42,1,Somatomotor,L_7AL_ROI,L,0.691176470588235
FEEDBACK_CUE_AVG,43,1,Cingulo-Opercular,L_SCEF_ROI,L,1
FEEDBACK_CUE_AVG,44,1,Cingulo-Opercular,L_6ma_ROI,L,0.98876404494382
FEEDBACK_CUE_AVG,45,1,Cingulo-Opercular,L_7Am_ROI,L,0.903846153846154
FEEDBACK_CUE_AVG,46,1,Dorsal-Attention,L_7PL_ROI,L,1
FEEDBACK_CUE_AVG,47,1,Somatomotor,L_7PC_ROI,L,0.953216374269006
FEEDBACK_CUE_AVG,48,1,Visual2,L_LIPv_ROI,L,1
FEEDBACK_CUE_AVG,49,1,Visual2,L_VIP_ROI,L,1
FEEDBACK_CUE_AVG,50,1,Dorsal-Attention,L_MIP_ROI,L,1
FEEDBACK_CUE_AVG,51,1,Somatomotor,L_1_ROI,L,0.910224438902743
FEEDBACK_CUE_AVG,52,1,Somatomotor,L_2_ROI,L,0.973867595818815
FEEDBACK_CUE_AVG,53,1,Somatomotor,L_3a_ROI,L,0.537704918032787
FEEDBACK_CUE_AVG,54,1,Somatomotor,L_6d_ROI,L,1
FEEDBACK_CUE_AVG,55,1,Somatomotor,L_6mp_ROI,L,0.895348837209302
FEEDBACK_CUE_AVG,56,1,Somatomotor,L_6v_ROI,L,1
FEEDBACK_CUE_AVG,57,1,Cingulo-Opercular,L_p24pr_ROI,L,0.740740740740741
FEEDBACK_CUE_AVG,58,1,Cingulo-Opercular,L_33pr_ROI,L,0.981818181818182
FEEDBACK_CUE_AVG,59,1,Cingulo-Opercular,L_a24pr_ROI,L,0.829787234042553
FEEDBACK_CUE_AVG,60,1,Cingulo-Opercular,L_p32pr_ROI,L,1
FEEDBACK_CUE_AVG,66,3,Default,L_47m_ROI,L,0.566037735849057
FEEDBACK_CUE_AVG,68,1,Default,L_8Ad_ROI,L,0.900826446280992
FEEDBACK_CUE_AVG,72,1,Default,L_10d_ROI,L,0.640522875816993
FEEDBACK_CUE_AVG,73,1,Frontoparietal,L_8C_ROI,L,0.75875486381323
FEEDBACK_CUE_AVG,74,1,Language,L_44_ROI,L,0.503597122302158
FEEDBACK_CUE_AVG,78,1,Cingulo-Opercular,L_6r_ROI,L,0.909090909090909
FEEDBACK_CUE_AVG,79,1,Language,L_IFJa_ROI,L,1
FEEDBACK_CUE_AVG,80,1,Frontoparietal,L_IFJp_ROI,L,1
FEEDBACK_CUE_AVG,81,1,Language,L_IFSp_ROI,L,1
FEEDBACK_CUE_AVG,82,1,Frontoparietal,L_IFSa_ROI,L,0.836477987421384
FEEDBACK_CUE_AVG,83,1,Frontoparietal,L_p9-46v_ROI,L,0.671875
FEEDBACK_CUE_AVG,84,1,Cingulo-Opercular,L_46_ROI,L,0.690140845070423
FEEDBACK_CUE_AVG,86,1,Cingulo-Opercular,L_9-46d_ROI,L,0.711610486891386
FEEDBACK_CUE_AVG,94,1003,Default,L_47s_ROI,L,0.605042016806723
FEEDBACK_CUE_AVG,95,1,Dorsal-Attention,L_LIPd_ROI,L,1
FEEDBACK_CUE_AVG,96,1,Dorsal-Attention,L_6a_ROI,L,1
FEEDBACK_CUE_AVG,97,1,Frontoparietal,L_i6-8_ROI,L,1
FEEDBACK_CUE_AVG,98,1,Frontoparietal,L_s6-8_ROI,L,0.872727272727273
FEEDBACK_CUE_AVG,99,1,Cingulo-Opercular,L_43_ROI,L,0.579365079365079
FEEDBACK_CUE_AVG,100,1,Somatomotor,L_OP4_ROI,L,0.75
FEEDBACK_CUE_AVG,101,1,Somatomotor,L_OP1_ROI,L,1
FEEDBACK_CUE_AVG,102,1,Somatomotor,L_OP2-3_ROI,L,0.673758865248227
FEEDBACK_CUE_AVG,105,1,Cingulo-Opercular,L_PFcm_ROI,L,0.687022900763359
FEEDBACK_CUE_AVG,108,1,Cingulo-Opercular,L_FOP4_ROI,L,0.557603686635945
FEEDBACK_CUE_AVG,113,1,Cingulo-Opercular,L_FOP1_ROI,L,0.9
FEEDBACK_CUE_AVG,114,1,Cingulo-Opercular,L_FOP3_ROI,L,0.797619047619048
FEEDBACK_CUE_AVG,115,1,Somatomotor,L_FOP2_ROI,L,1
FEEDBACK_CUE_AVG,116,1,Dorsal-Attention,L_PFt_ROI,L,0.8
FEEDBACK_CUE_AVG,117,1,Dorsal-Attention,L_AIP_ROI,L,1
FEEDBACK_CUE_AVG,119,1,Default,L_PreS_ROI,L,0.729559748427673
FEEDBACK_CUE_AVG,121,1,Visual1,L_ProS_ROI,L,0.898550724637681
FEEDBACK_CUE_AVG,122,1,Ventral-Multimodal,L_PeEc_ROI,L,0.706122448979592
FEEDBACK_CUE_AVG,123,1,Language,L_STGa_ROI,L,0.982456140350877
FEEDBACK_CUE_AVG,124,1001,Auditory,L_PBelt_ROI,L,0.810975609756098
FEEDBACK_CUE_AVG,125,1,Language,L_A5_ROI,L,0.826086956521739
FEEDBACK_CUE_AVG,126,1,Default,L_PHA1_ROI,L,0.953703703703704
FEEDBACK_CUE_AVG,127,1,Dorsal-Attention,L_PHA3_ROI,L,1
FEEDBACK_CUE_AVG,128,1,Language,L_STSda_ROI,L,1
FEEDBACK_CUE_AVG,129,1,Language,L_STSdp_ROI,L,1
FEEDBACK_CUE_AVG,130,1,Default,L_STSvp_ROI,L,0.5625
FEEDBACK_CUE_AVG,133,1,Frontoparietal,L_TE1p_ROI,L,0.865546218487395
FEEDBACK_CUE_AVG,135,1,Ventral-Multimodal,L_TF_ROI,L,0.773648648648649
FEEDBACK_CUE_AVG,136,1,Dorsal-Attention,L_TE2p_ROI,L,0.88
FEEDBACK_CUE_AVG,137,1,Dorsal-Attention,L_PHT_ROI,L,0.93956043956044
FEEDBACK_CUE_AVG,138,1,Visual2,L_PH_ROI,L,1
FEEDBACK_CUE_AVG,139,1,Language,L_TPOJ1_ROI,L,0.983425414364641
FEEDBACK_CUE_AVG,140,1,Posterior-Multimodal,L_TPOJ2_ROI,L,1
FEEDBACK_CUE_AVG,141,1,Posterior-Multimodal,L_TPOJ3_ROI,L,1
FEEDBACK_CUE_AVG,142,1,Visual1,L_DVT_ROI,L,1
FEEDBACK_CUE_AVG,143,1,Dorsal-Attention,L_PGp_ROI,L,0.897959183673469
FEEDBACK_CUE_AVG,144,1,Frontoparietal,L_IP2_ROI,L,1
FEEDBACK_CUE_AVG,145,1,Frontoparietal,L_IP1_ROI,L,1
FEEDBACK_CUE_AVG,146,1,Dorsal-Attention,L_IP0_ROI,L,1
FEEDBACK_CUE_AVG,148,1,Cingulo-Opercular,L_PF_ROI,L,0.763440860215054
FEEDBACK_CUE_AVG,149,1,Frontoparietal,L_PFm_ROI,L,0.540275049115914
FEEDBACK_CUE_AVG,150,1,Default,L_PGi_ROI,L,0.706976744186047
FEEDBACK_CUE_AVG,151,1,Default,L_PGs_ROI,L,0.950819672131147
FEEDBACK_CUE_AVG,152,1,Visual2,L_V6A_ROI,L,1
FEEDBACK_CUE_AVG,153,1,Visual2,L_VMV1_ROI,L,1
FEEDBACK_CUE_AVG,154,1,Visual2,L_VMV3_ROI,L,1
FEEDBACK_CUE_AVG,155,1,Default,L_PHA2_ROI,L,0.911764705882353
FEEDBACK_CUE_AVG,156,1,Visual2,L_V4t_ROI,L,1
FEEDBACK_CUE_AVG,157,1,Visual2,L_FST_ROI,L,1
FEEDBACK_CUE_AVG,158,1,Visual2,L_V3CD_ROI,L,1
FEEDBACK_CUE_AVG,159,1,Visual2,L_LO3_ROI,L,1
FEEDBACK_CUE_AVG,160,1,Visual2,L_VMV2_ROI,L,1
FEEDBACK_CUE_AVG,161,1,Default,L_31pd_ROI,L,0.916666666666667
FEEDBACK_CUE_AVG,162,1,Default,L_31a_ROI,L,1
FEEDBACK_CUE_AVG,163,1,Visual2,L_VVC_ROI,L,1
FEEDBACK_CUE_AVG,164,2,Default,L_25_ROI,L,0.636363636363636
FEEDBACK_CUE_AVG,165,2,Default,L_s32_ROI,L,1
FEEDBACK_CUE_AVG,168,1,Somatomotor,L_Ig_ROI,L,0.830769230769231
FEEDBACK_CUE_AVG,170,1,Frontoparietal,L_p10p_ROI,L,0.909090909090909
FEEDBACK_CUE_AVG,173,1001,Auditory,L_MBelt_ROI,L,0.835164835164835
FEEDBACK_CUE_AVG,175,1001,Auditory,L_A4_ROI,L,0.519607843137255
FEEDBACK_CUE_AVG,176,1,Default,L_STSva_ROI,L,0.627906976744186
FEEDBACK_CUE_AVG,181,4,Visual1,R_V1_ROI,R,0.9428208386277
FEEDBACK_CUE_AVG,182,4,Visual2,R_MST_ROI,R,1
FEEDBACK_CUE_AVG,183,4,Visual2,R_V6_ROI,R,1
FEEDBACK_CUE_AVG,184,4,Visual2,R_V2_ROI,R,0.985024958402662
FEEDBACK_CUE_AVG,185,4,Visual2,R_V3_ROI,R,0.988472622478386
FEEDBACK_CUE_AVG,186,4,Visual2,R_V4_ROI,R,1
FEEDBACK_CUE_AVG,187,4,Visual2,R_V8_ROI,R,1
FEEDBACK_CUE_AVG,190,4,Cingulo-Opercular,R_FEF_ROI,R,0.977653631284916
FEEDBACK_CUE_AVG,191,4,Cingulo-Opercular,R_PEF_ROI,R,1
FEEDBACK_CUE_AVG,192,4,Language,R_55b_ROI,R,0.934579439252336
FEEDBACK_CUE_AVG,193,4,Visual2,R_V3A_ROI,R,1
FEEDBACK_CUE_AVG,194,4,Frontoparietal,R_RSC_ROI,R,1
FEEDBACK_CUE_AVG,195,4,Frontoparietal,R_POS2_ROI,R,1
FEEDBACK_CUE_AVG,196,4,Visual2,R_V7_ROI,R,1
FEEDBACK_CUE_AVG,197,4,Visual2,R_IPS1_ROI,R,1
FEEDBACK_CUE_AVG,198,4,Visual2,R_FFC_ROI,R,1
FEEDBACK_CUE_AVG,199,4,Visual2,R_V3B_ROI,R,1
FEEDBACK_CUE_AVG,200,4,Visual2,R_LO1_ROI,R,1
FEEDBACK_CUE_AVG,201,4,Visual2,R_LO2_ROI,R,1
FEEDBACK_CUE_AVG,202,4,Visual2,R_PIT_ROI,R,1
FEEDBACK_CUE_AVG,203,4,Visual2,R_MT_ROI,R,1
FEEDBACK_CUE_AVG,207,4,Posterior-Multimodal,R_PCV_ROI,R,1
FEEDBACK_CUE_AVG,208,4,Posterior-Multimodal,R_STV_ROI,R,0.993243243243243
FEEDBACK_CUE_AVG,209,4,Frontoparietal,R_7Pm_ROI,R,1
FEEDBACK_CUE_AVG,210,4,Default,R_7m_ROI,R,1
FEEDBACK_CUE_AVG,211,4,Default,R_POS1_ROI,R,0.981132075471698
FEEDBACK_CUE_AVG,212,4,Default,R_23d_ROI,R,0.672566371681416
FEEDBACK_CUE_AVG,213,4,Default,R_v23ab_ROI,R,1
FEEDBACK_CUE_AVG,214,4,Default,R_d23ab_ROI,R,1
FEEDBACK_CUE_AVG,215,4,Default,R_31pv_ROI,R,0.990990990990991
FEEDBACK_CUE_AVG,216,4,Somatomotor,R_5m_ROI,R,0.907894736842105
FEEDBACK_CUE_AVG,217,4,Cingulo-Opercular,R_5mv_ROI,R,0.7
FEEDBACK_CUE_AVG,218,4,Cingulo-Opercular,R_23c_ROI,R,0.9182156133829
FEEDBACK_CUE_AVG,219,4,Somatomotor,R_5L_ROI,R,0.66497461928934
FEEDBACK_CUE_AVG,220,4,Somatomotor,R_24dd_ROI,R,0.766129032258065
FEEDBACK_CUE_AVG,221,4,Somatomotor,R_24dv_ROI,R,0.904458598726115
FEEDBACK_CUE_AVG,222,4,Somatomotor,R_7AL_ROI,R,0.526946107784431
FEEDBACK_CUE_AVG,223,4,Cingulo-Opercular,R_SCEF_ROI,R,0.989637305699482
FEEDBACK_CUE_AVG,225,4,Cingulo-Opercular,R_7Am_ROI,R,0.954081632653061
FEEDBACK_CUE_AVG,226,4,Dorsal-Attention,R_7PL_ROI,R,1
FEEDBACK_CUE_AVG,228,4,Visual2,R_LIPv_ROI,R,1
FEEDBACK_CUE_AVG,229,4,Visual2,R_VIP_ROI,R,0.954954954954955
FEEDBACK_CUE_AVG,230,4,Dorsal-Attention,R_MIP_ROI,R,1
FEEDBACK_CUE_AVG,231,4,Somatomotor,R_1_ROI,R,0.749354005167959
FEEDBACK_CUE_AVG,232,4,Somatomotor,R_2_ROI,R,0.658653846153846
FEEDBACK_CUE_AVG,234,4,Somatomotor,R_6d_ROI,R,0.887640449438202
FEEDBACK_CUE_AVG,235,4,Somatomotor,R_6mp_ROI,R,0.546468401486989
FEEDBACK_CUE_AVG,236,4,Somatomotor,R_6v_ROI,R,0.863247863247863
FEEDBACK_CUE_AVG,237,4,Cingulo-Opercular,R_p24pr_ROI,R,0.695652173913044
FEEDBACK_CUE_AVG,238,4,Frontoparietal,R_33pr_ROI,R,0.746666666666667
FEEDBACK_CUE_AVG,239,4,Cingulo-Opercular,R_a24pr_ROI,R,0.509433962264151
FEEDBACK_CUE_AVG,240,4,Cingulo-Opercular,R_p32pr_ROI,R,0.992753623188406
FEEDBACK_CUE_AVG,244,6,Default,R_p32_ROI,R,0.534653465346535
FEEDBACK_CUE_AVG,245,6,Default,R_10r_ROI,R,0.878378378378378
FEEDBACK_CUE_AVG,248,4,Default,R_8Ad_ROI,R,0.9581589958159
FEEDBACK_CUE_AVG,253,4,Frontoparietal,R_8C_ROI,R,0.563786008230453
FEEDBACK_CUE_AVG,259,4,Language,R_IFJa_ROI,R,1
FEEDBACK_CUE_AVG,260,4,Frontoparietal,R_IFJp_ROI,R,1
FEEDBACK_CUE_AVG,261,4,Frontoparietal,R_IFSp_ROI,R,1
FEEDBACK_CUE_AVG,262,4,Cingulo-Opercular,R_IFSa_ROI,R,0.628205128205128
FEEDBACK_CUE_AVG,274,1008,Default,R_47s_ROI,R,0.595890410958904
FEEDBACK_CUE_AVG,275,4,Dorsal-Attention,R_LIPd_ROI,R,1
FEEDBACK_CUE_AVG,276,4,Dorsal-Attention,R_6a_ROI,R,0.837758112094395
FEEDBACK_CUE_AVG,277,4,Frontoparietal,R_i6-8_ROI,R,0.828282828282828
FEEDBACK_CUE_AVG,280,4,Somatomotor,R_OP4_ROI,R,0.548837209302326
FEEDBACK_CUE_AVG,281,4,Somatomotor,R_OP1_ROI,R,0.793478260869565
FEEDBACK_CUE_AVG,282,4,Somatomotor,R_OP2-3_ROI,R,0.770114942528736
FEEDBACK_CUE_AVG,290,4,Orbito-Affective,R_Pir_ROI,R,0.847715736040609
FEEDBACK_CUE_AVG,293,4,Cingulo-Opercular,R_FOP1_ROI,R,0.633802816901409
FEEDBACK_CUE_AVG,295,4,Somatomotor,R_FOP2_ROI,R,0.534883720930233
FEEDBACK_CUE_AVG,298,4,Default,R_EC_ROI,R,0.511627906976744
FEEDBACK_CUE_AVG,299,4,Default,R_PreS_ROI,R,0.816568047337278
FEEDBACK_CUE_AVG,300,4,Default,R_H_ROI,R,0.668269230769231
FEEDBACK_CUE_AVG,301,4,Visual1,R_ProS_ROI,R,1
FEEDBACK_CUE_AVG,302,4,Ventral-Multimodal,R_PeEc_ROI,R,0.650641025641026
FEEDBACK_CUE_AVG,303,4,Language,R_STGa_ROI,R,1
FEEDBACK_CUE_AVG,304,1006,Auditory,R_PBelt_ROI,R,0.666666666666667
FEEDBACK_CUE_AVG,305,4,Language,R_A5_ROI,R,0.507537688442211
FEEDBACK_CUE_AVG,306,4,Default,R_PHA1_ROI,R,0.928571428571429
FEEDBACK_CUE_AVG,307,4,Dorsal-Attention,R_PHA3_ROI,R,1
FEEDBACK_CUE_AVG,308,4,Default,R_STSda_ROI,R,1
FEEDBACK_CUE_AVG,309,4,Language,R_STSdp_ROI,R,0.976190476190476
FEEDBACK_CUE_AVG,310,4,Default,R_STSvp_ROI,R,0.562913907284768
FEEDBACK_CUE_AVG,313,4,Frontoparietal,R_TE1p_ROI,R,0.685840707964602
FEEDBACK_CUE_AVG,315,4,Ventral-Multimodal,R_TF_ROI,R,0.865814696485623
FEEDBACK_CUE_AVG,316,4,Dorsal-Attention,R_TE2p_ROI,R,0.924137931034483
FEEDBACK_CUE_AVG,317,4,Dorsal-Attention,R_PHT_ROI,R,1
FEEDBACK_CUE_AVG,318,4,Visual2,R_PH_ROI,R,1
FEEDBACK_CUE_AVG,319,4,Language,R_TPOJ1_ROI,R,0.949494949494949
FEEDBACK_CUE_AVG,320,4,Posterior-Multimodal,R_TPOJ2_ROI,R,1
FEEDBACK_CUE_AVG,321,4,Posterior-Multimodal,R_TPOJ3_ROI,R,1
FEEDBACK_CUE_AVG,322,4,Visual1,R_DVT_ROI,R,1
FEEDBACK_CUE_AVG,323,4,Dorsal-Attention,R_PGp_ROI,R,1
FEEDBACK_CUE_AVG,324,4,Frontoparietal,R_IP2_ROI,R,0.628440366972477
FEEDBACK_CUE_AVG,325,4,Frontoparietal,R_IP1_ROI,R,1
FEEDBACK_CUE_AVG,326,4,Dorsal-Attention,R_IP0_ROI,R,1
FEEDBACK_CUE_AVG,330,4,Default,R_PGi_ROI,R,0.612732095490716
FEEDBACK_CUE_AVG,331,4,Default,R_PGs_ROI,R,0.679425837320574
FEEDBACK_CUE_AVG,332,4,Visual2,R_V6A_ROI,R,1
FEEDBACK_CUE_AVG,333,4,Visual2,R_VMV1_ROI,R,1
FEEDBACK_CUE_AVG,334,4,Visual2,R_VMV3_ROI,R,1
FEEDBACK_CUE_AVG,335,4,Default,R_PHA2_ROI,R,1
FEEDBACK_CUE_AVG,336,4,Visual2,R_V4t_ROI,R,1
FEEDBACK_CUE_AVG,337,4,Visual2,R_FST_ROI,R,1
FEEDBACK_CUE_AVG,338,4,Visual2,R_V3CD_ROI,R,1
FEEDBACK_CUE_AVG,339,4,Visual2,R_LO3_ROI,R,1
FEEDBACK_CUE_AVG,340,4,Visual2,R_VMV2_ROI,R,1
FEEDBACK_CUE_AVG,341,4,Default,R_31pd_ROI,R,1
FEEDBACK_CUE_AVG,342,4,Frontoparietal,R_31a_ROI,R,1
FEEDBACK_CUE_AVG,343,4,Visual2,R_VVC_ROI,R,1
FEEDBACK_CUE_AVG,344,6,Default,R_25_ROI,R,0.612903225806452
FEEDBACK_CUE_AVG,345,6,Default,R_s32_ROI,R,1
FEEDBACK_CUE_AVG,348,4,Somatomotor,R_Ig_ROI,R,0.669354838709677
FEEDBACK_CUE_AVG,350,7,Frontoparietal,R_p10p_ROI,R,0.668918918918919
FEEDBACK_CUE_AVG,354,1006,Auditory,R_LBelt_ROI,R,0.611764705882353
FEEDBACK_CUE_AVG,356,4,Default,R_STSva_ROI,R,0.950617283950617
FEEDBACK_CUE_AVG,359,4,Cingulo-Opercular,R_a32pr_ROI,R,0.52755905511811
FEEDBACK_HIGH_LOSE,1,1001,Visual1,L_V1_ROI,L,0.921780986762936
FEEDBACK_HIGH_LOSE,4,1001,Visual2,L_V2_ROI,L,0.948303715670436
FEEDBACK_HIGH_LOSE,5,1001,Visual2,L_V3_ROI,L,0.818991097922849
FEEDBACK_HIGH_LOSE,6,1001,Visual2,L_V4_ROI,L,0.994459833795014
FEEDBACK_HIGH_LOSE,7,1001,Visual2,L_V8_ROI,L,1
FEEDBACK_HIGH_LOSE,9,1,Somatomotor,L_3b_ROI,L,0.757839721254355
FEEDBACK_HIGH_LOSE,11,1006,Dorsal-Attention,L_PEF_ROI,L,0.583333333333333
FEEDBACK_HIGH_LOSE,13,1001,Visual2,L_V3A_ROI,L,0.801324503311258
FEEDBACK_HIGH_LOSE,14,1,Frontoparietal,L_RSC_ROI,L,0.644549763033175
FEEDBACK_HIGH_LOSE,16,1001,Visual2,L_V7_ROI,L,0.795454545454545
FEEDBACK_HIGH_LOSE,17,1001,Visual2,L_IPS1_ROI,L,0.637037037037037
FEEDBACK_HIGH_LOSE,18,1001,Visual2,L_FFC_ROI,L,0.993377483443709
FEEDBACK_HIGH_LOSE,19,1001,Visual2,L_V3B_ROI,L,1
FEEDBACK_HIGH_LOSE,20,1001,Visual2,L_LO1_ROI,L,1
FEEDBACK_HIGH_LOSE,21,1001,Visual2,L_LO2_ROI,L,1
FEEDBACK_HIGH_LOSE,22,1001,Visual2,L_PIT_ROI,L,1
FEEDBACK_HIGH_LOSE,24,1,Auditory,L_A1_ROI,L,0.714285714285714
FEEDBACK_HIGH_LOSE,30,1,Default,L_7m_ROI,L,0.653846153846154
FEEDBACK_HIGH_LOSE,31,1,Default,L_POS1_ROI,L,0.955555555555556
FEEDBACK_HIGH_LOSE,32,1,Default,L_23d_ROI,L,0.555555555555556
FEEDBACK_HIGH_LOSE,33,1,Default,L_v23ab_ROI,L,1
FEEDBACK_HIGH_LOSE,34,1,Default,L_d23ab_ROI,L,0.852272727272727
FEEDBACK_HIGH_LOSE,35,1,Default,L_31pv_ROI,L,0.990825688073395
FEEDBACK_HIGH_LOSE,36,1,Somatomotor,L_5m_ROI,L,0.955357142857143
FEEDBACK_HIGH_LOSE,37,1,Cingulo-Opercular,L_5mv_ROI,L,1
FEEDBACK_HIGH_LOSE,38,1,Cingulo-Opercular,L_23c_ROI,L,1
FEEDBACK_HIGH_LOSE,39,1,Somatomotor,L_5L_ROI,L,0.99468085106383
FEEDBACK_HIGH_LOSE,40,1,Somatomotor,L_24dd_ROI,L,0.905829596412556
FEEDBACK_HIGH_LOSE,41,1,Somatomotor,L_24dv_ROI,L,0.900709219858156
FEEDBACK_HIGH_LOSE,42,1,Somatomotor,L_7AL_ROI,L,1
FEEDBACK_HIGH_LOSE,43,1002,Cingulo-Opercular,L_SCEF_ROI,L,0.532019704433498
FEEDBACK_HIGH_LOSE,45,1,Cingulo-Opercular,L_7Am_ROI,L,0.567307692307692
FEEDBACK_HIGH_LOSE,46,1001,Dorsal-Attention,L_7PL_ROI,L,0.701030927835052
FEEDBACK_HIGH_LOSE,47,1,Somatomotor,L_7PC_ROI,L,0.871345029239766
FEEDBACK_HIGH_LOSE,48,1001,Visual2,L_LIPv_ROI,L,0.523076923076923
FEEDBACK_HIGH_LOSE,50,1001,Dorsal-Attention,L_MIP_ROI,L,0.937106918238994
FEEDBACK_HIGH_LOSE,51,1,Somatomotor,L_1_ROI,L,0.85286783042394
FEEDBACK_HIGH_LOSE,52,1,Somatomotor,L_2_ROI,L,0.975609756097561
FEEDBACK_HIGH_LOSE,54,1,Somatomotor,L_6d_ROI,L,0.779220779220779
FEEDBACK_HIGH_LOSE,55,1,Somatomotor,L_6mp_ROI,L,0.86046511627907
FEEDBACK_HIGH_LOSE,57,1,Cingulo-Opercular,L_p24pr_ROI,L,0.876543209876543
FEEDBACK_HIGH_LOSE,59,1,Cingulo-Opercular,L_a24pr_ROI,L,0.638297872340426
FEEDBACK_HIGH_LOSE,61,5,Default,L_a24_ROI,L,0.566666666666667
FEEDBACK_HIGH_LOSE,64,5,Default,L_p32_ROI,L,0.818181818181818
FEEDBACK_HIGH_LOSE,65,5,Default,L_10r_ROI,L,1
FEEDBACK_HIGH_LOSE,66,4,Default,L_47m_ROI,L,1
FEEDBACK_HIGH_LOSE,68,7,Default,L_8Ad_ROI,L,0.797520661157025
FEEDBACK_HIGH_LOSE,72,5,Default,L_10d_ROI,L,0.915032679738562
FEEDBACK_HIGH_LOSE,73,1006,Frontoparietal,L_8C_ROI,L,0.653696498054475
FEEDBACK_HIGH_LOSE,80,1006,Frontoparietal,L_IFJp_ROI,L,0.850574712643678
FEEDBACK_HIGH_LOSE,83,1006,Frontoparietal,L_p9-46v_ROI,L,0.53125
FEEDBACK_HIGH_LOSE,88,5,Default,L_10v_ROI,L,0.593984962406015
FEEDBACK_HIGH_LOSE,95,1001,Dorsal-Attention,L_LIPd_ROI,L,1
FEEDBACK_HIGH_LOSE,99,1,Cingulo-Opercular,L_43_ROI,L,0.73015873015873
FEEDBACK_HIGH_LOSE,100,1,Somatomotor,L_OP4_ROI,L,0.834905660377359
FEEDBACK_HIGH_LOSE,101,1,Somatomotor,L_OP1_ROI,L,1
FEEDBACK_HIGH_LOSE,102,1,Somatomotor,L_OP2-3_ROI,L,0.964539007092199
FEEDBACK_HIGH_LOSE,103,1,Auditory,L_52_ROI,L,1
FEEDBACK_HIGH_LOSE,104,1,Auditory,L_RI_ROI,L,0.892682926829268
FEEDBACK_HIGH_LOSE,105,1,Cingulo-Opercular,L_PFcm_ROI,L,0.931297709923664
FEEDBACK_HIGH_LOSE,106,1,Cingulo-Opercular,L_PoI2_ROI,L,0.944099378881988
FEEDBACK_HIGH_LOSE,107,1,Auditory,L_TA2_ROI,L,0.549295774647887
FEEDBACK_HIGH_LOSE,111,1005,Frontoparietal,L_AVI_ROI,L,0.904761904761905
FEEDBACK_HIGH_LOSE,113,1,Cingulo-Opercular,L_FOP1_ROI,L,0.98
FEEDBACK_HIGH_LOSE,114,1,Cingulo-Opercular,L_FOP3_ROI,L,0.952380952380952
FEEDBACK_HIGH_LOSE,115,1,Somatomotor,L_FOP2_ROI,L,0.865384615384615
FEEDBACK_HIGH_LOSE,116,1,Dorsal-Attention,L_PFt_ROI,L,0.882051282051282
FEEDBACK_HIGH_LOSE,121,1001,Visual1,L_ProS_ROI,L,0.710144927536232
FEEDBACK_HIGH_LOSE,124,1,Auditory,L_PBelt_ROI,L,0.963414634146341
FEEDBACK_HIGH_LOSE,125,1004,Language,L_A5_ROI,L,0.521739130434783
FEEDBACK_HIGH_LOSE,129,1004,Language,L_STSdp_ROI,L,0.788944723618091
FEEDBACK_HIGH_LOSE,137,2,Dorsal-Attention,L_PHT_ROI,L,0.620879120879121
FEEDBACK_HIGH_LOSE,138,1001,Visual2,L_PH_ROI,L,0.684444444444444
FEEDBACK_HIGH_LOSE,140,2,Posterior-Multimodal,L_TPOJ2_ROI,L,0.544871794871795
FEEDBACK_HIGH_LOSE,141,2,Posterior-Multimodal,L_TPOJ3_ROI,L,0.511904761904762
FEEDBACK_HIGH_LOSE,144,1001,Frontoparietal,L_IP2_ROI,L,0.717171717171717
FEEDBACK_HIGH_LOSE,145,1001,Frontoparietal,L_IP1_ROI,L,0.55026455026455
FEEDBACK_HIGH_LOSE,146,1001,Dorsal-Attention,L_IP0_ROI,L,0.666666666666667
FEEDBACK_HIGH_LOSE,147,1,Cingulo-Opercular,L_PFop_ROI,L,1
FEEDBACK_HIGH_LOSE,148,1,Cingulo-Opercular,L_PF_ROI,L,0.57258064516129
FEEDBACK_HIGH_LOSE,151,2,Default,L_PGs_ROI,L,0.665573770491803
FEEDBACK_HIGH_LOSE,153,1001,Visual2,L_VMV1_ROI,L,0.897727272727273
FEEDBACK_HIGH_LOSE,154,1001,Visual2,L_VMV3_ROI,L,1
FEEDBACK_HIGH_LOSE,155,6,Default,L_PHA2_ROI,L,0.794117647058824
FEEDBACK_HIGH_LOSE,156,1001,Visual2,L_V4t_ROI,L,1
FEEDBACK_HIGH_LOSE,157,2,Visual2,L_FST_ROI,L,0.551020408163265
FEEDBACK_HIGH_LOSE,158,1001,Visual2,L_V3CD_ROI,L,1
FEEDBACK_HIGH_LOSE,159,1001,Visual2,L_LO3_ROI,L,0.7
FEEDBACK_HIGH_LOSE,160,1001,Visual2,L_VMV2_ROI,L,0.717391304347826
FEEDBACK_HIGH_LOSE,161,1,Default,L_31pd_ROI,L,0.962962962962963
FEEDBACK_HIGH_LOSE,162,1,Default,L_31a_ROI,L,1
FEEDBACK_HIGH_LOSE,163,1001,Visual2,L_VVC_ROI,L,1
FEEDBACK_HIGH_LOSE,165,5,Default,L_s32_ROI,L,0.592592592592593
FEEDBACK_HIGH_LOSE,167,1,Cingulo-Opercular,L_PoI1_ROI,L,1
FEEDBACK_HIGH_LOSE,168,1,Somatomotor,L_Ig_ROI,L,0.984615384615385
FEEDBACK_HIGH_LOSE,173,1,Auditory,L_MBelt_ROI,L,0.89010989010989
FEEDBACK_HIGH_LOSE,174,1,Auditory,L_LBelt_ROI,L,0.973684210526316
FEEDBACK_HIGH_LOSE,175,1,Auditory,L_A4_ROI,L,0.57843137254902
FEEDBACK_HIGH_LOSE,179,1002,Cingulo-Opercular,L_a32pr_ROI,L,0.8828125
FEEDBACK_HIGH_LOSE,181,1009,Visual1,R_V1_ROI,R,0.926302414231258
FEEDBACK_HIGH_LOSE,184,1009,Visual2,R_V2_ROI,R,0.928452579034942
FEEDBACK_HIGH_LOSE,185,1009,Visual2,R_V3_ROI,R,0.812680115273775
FEEDBACK_HIGH_LOSE,186,1009,Visual2,R_V4_ROI,R,0.916666666666667
FEEDBACK_HIGH_LOSE,187,1009,Visual2,R_V8_ROI,R,1
FEEDBACK_HIGH_LOSE,189,9,Somatomotor,R_3b_ROI,R,0.685816876122083
FEEDBACK_HIGH_LOSE,192,1008,Language,R_55b_ROI,R,0.570093457943925
FEEDBACK_HIGH_LOSE,193,1009,Visual2,R_V3A_ROI,R,0.782312925170068
FEEDBACK_HIGH_LOSE,196,1009,Visual2,R_V7_ROI,R,0.844444444444445
FEEDBACK_HIGH_LOSE,197,1009,Visual2,R_IPS1_ROI,R,0.846846846846847
FEEDBACK_HIGH_LOSE,198,1009,Visual2,R_FFC_ROI,R,0.976047904191617
FEEDBACK_HIGH_LOSE,199,1009,Visual2,R_V3B_ROI,R,1
FEEDBACK_HIGH_LOSE,200,1009,Visual2,R_LO1_ROI,R,1
FEEDBACK_HIGH_LOSE,201,1009,Visual2,R_LO2_ROI,R,1
FEEDBACK_HIGH_LOSE,202,1009,Visual2,R_PIT_ROI,R,1
FEEDBACK_HIGH_LOSE,204,9,Auditory,R_A1_ROI,R,0.954545454545455
FEEDBACK_HIGH_LOSE,206,1008,Language,R_SFL_ROI,R,0.865546218487395
FEEDBACK_HIGH_LOSE,209,1009,Frontoparietal,R_7Pm_ROI,R,0.854166666666667
FEEDBACK_HIGH_LOSE,211,8,Default,R_POS1_ROI,R,0.787735849056604
FEEDBACK_HIGH_LOSE,213,8,Default,R_v23ab_ROI,R,1
FEEDBACK_HIGH_LOSE,214,8,Default,R_d23ab_ROI,R,0.851063829787234
FEEDBACK_HIGH_LOSE,215,8,Default,R_31pv_ROI,R,0.711711711711712
FEEDBACK_HIGH_LOSE,216,9,Somatomotor,R_5m_ROI,R,0.717105263157895
FEEDBACK_HIGH_LOSE,217,9,Cingulo-Opercular,R_5mv_ROI,R,0.904545454545454
FEEDBACK_HIGH_LOSE,218,9,Cingulo-Opercular,R_23c_ROI,R,0.650557620817844
FEEDBACK_HIGH_LOSE,219,9,Somatomotor,R_5L_ROI,R,0.984771573604061
FEEDBACK_HIGH_LOSE,220,9,Somatomotor,R_24dd_ROI,R,0.883064516129032
FEEDBACK_HIGH_LOSE,221,9,Somatomotor,R_24dv_ROI,R,0.987261146496815
FEEDBACK_HIGH_LOSE,222,9,Somatomotor,R_7AL_ROI,R,1
FEEDBACK_HIGH_LOSE,224,1008,Cingulo-Opercular,R_6ma_ROI,R,0.545454545454545
FEEDBACK_HIGH_LOSE,226,1009,Dorsal-Attention,R_7PL_ROI,R,0.558441558441558
FEEDBACK_HIGH_LOSE,227,9,Somatomotor,R_7PC_ROI,R,1
FEEDBACK_HIGH_LOSE,228,1009,Visual2,R_LIPv_ROI,R,0.506493506493507
FEEDBACK_HIGH_LOSE,230,1009,Dorsal-Attention,R_MIP_ROI,R,0.916666666666667
FEEDBACK_HIGH_LOSE,231,9,Somatomotor,R_1_ROI,R,0.829457364341085
FEEDBACK_HIGH_LOSE,232,9,Somatomotor,R_2_ROI,R,1
FEEDBACK_HIGH_LOSE,233,9,Somatomotor,R_3a_ROI,R,0.675
FEEDBACK_HIGH_LOSE,234,9,Somatomotor,R_6d_ROI,R,1
FEEDBACK_HIGH_LOSE,235,9,Somatomotor,R_6mp_ROI,R,0.87360594795539
FEEDBACK_HIGH_LOSE,236,9,Somatomotor,R_6v_ROI,R,0.547008547008547
FEEDBACK_HIGH_LOSE,237,9,Cingulo-Opercular,R_p24pr_ROI,R,0.945652173913043
FEEDBACK_HIGH_LOSE,239,9,Cingulo-Opercular,R_a24pr_ROI,R,0.905660377358491
FEEDBACK_HIGH_LOSE,242,1008,Frontoparietal,R_d32_ROI,R,1
FEEDBACK_HIGH_LOSE,243,1008,Frontoparietal,R_8BM_ROI,R,0.891428571428572
FEEDBACK_HIGH_LOSE,245,14,Default,R_10r_ROI,R,0.972972972972973
FEEDBACK_HIGH_LOSE,246,10,Default,R_47m_ROI,R,0.901639344262295
FEEDBACK_HIGH_LOSE,253,1008,Frontoparietal,R_8C_ROI,R,0.901234567901234
FEEDBACK_HIGH_LOSE,258,1008,Cingulo-Opercular,R_6r_ROI,R,0.585551330798479
FEEDBACK_HIGH_LOSE,260,1008,Frontoparietal,R_IFJp_ROI,R,0.968253968253968
FEEDBACK_HIGH_LOSE,261,1008,Frontoparietal,R_IFSp_ROI,R,0.699248120300752
FEEDBACK_HIGH_LOSE,262,1008,Cingulo-Opercular,R_IFSa_ROI,R,0.525641025641026
FEEDBACK_HIGH_LOSE,263,1008,Frontoparietal,R_p9-46v_ROI,R,0.92817679558011
FEEDBACK_HIGH_LOSE,265,1008,Frontoparietal,R_a9-46v_ROI,R,0.968421052631579
FEEDBACK_HIGH_LOSE,268,14,Default,R_10v_ROI,R,0.510204081632653
FEEDBACK_HIGH_LOSE,269,1008,Frontoparietal,R_a10p_ROI,R,0.563380281690141
FEEDBACK_HIGH_LOSE,271,1008,Frontoparietal,R_11l_ROI,R,0.718954248366013
FEEDBACK_HIGH_LOSE,275,1009,Dorsal-Attention,R_LIPd_ROI,R,1
FEEDBACK_HIGH_LOSE,276,1008,Dorsal-Attention,R_6a_ROI,R,0.554572271386431
FEEDBACK_HIGH_LOSE,277,1008,Frontoparietal,R_i6-8_ROI,R,0.797979797979798
FEEDBACK_HIGH_LOSE,278,1008,Frontoparietal,R_s6-8_ROI,R,1
FEEDBACK_HIGH_LOSE,279,9,Cingulo-Opercular,R_43_ROI,R,0.933333333333333
FEEDBACK_HIGH_LOSE,280,9,Somatomotor,R_OP4_ROI,R,0.841860465116279
FEEDBACK_HIGH_LOSE,281,9,Somatomotor,R_OP1_ROI,R,1
FEEDBACK_HIGH_LOSE,282,9,Somatomotor,R_OP2-3_ROI,R,0.942528735632184
FEEDBACK_HIGH_LOSE,283,9,Auditory,R_52_ROI,R,0.924528301886792
FEEDBACK_HIGH_LOSE,284,9,Somatomotor,R_RI_ROI,R,1
FEEDBACK_HIGH_LOSE,285,9,Cingulo-Opercular,R_PFcm_ROI,R,1
FEEDBACK_HIGH_LOSE,286,9,Cingulo-Opercular,R_PoI2_ROI,R,0.744186046511628
FEEDBACK_HIGH_LOSE,287,9,Auditory,R_TA2_ROI,R,0.756756756756757
FEEDBACK_HIGH_LOSE,291,1010,Frontoparietal,R_AVI_ROI,R,0.986666666666667
FEEDBACK_HIGH_LOSE,292,1010,Orbito-Affective,R_AAIC_ROI,R,1
FEEDBACK_HIGH_LOSE,293,9,Cingulo-Opercular,R_FOP1_ROI,R,0.633802816901409
FEEDBACK_HIGH_LOSE,294,9,Cingulo-Opercular,R_FOP3_ROI,R,0.96
FEEDBACK_HIGH_LOSE,295,9,Somatomotor,R_FOP2_ROI,R,1
FEEDBACK_HIGH_LOSE,296,9,Dorsal-Attention,R_PFt_ROI,R,0.813471502590674
FEEDBACK_HIGH_LOSE,301,1009,Visual1,R_ProS_ROI,R,0.87218045112782
FEEDBACK_HIGH_LOSE,304,9,Auditory,R_PBelt_ROI,R,0.979166666666667
FEEDBACK_HIGH_LOSE,307,1009,Dorsal-Attention,R_PHA3_ROI,R,0.847058823529412
FEEDBACK_HIGH_LOSE,309,1009,Language,R_STSdp_ROI,R,0.838095238095238
FEEDBACK_HIGH_LOSE,310,1009,Default,R_STSvp_ROI,R,0.801324503311258
FEEDBACK_HIGH_LOSE,313,1009,Frontoparietal,R_TE1p_ROI,R,0.712389380530973
FEEDBACK_HIGH_LOSE,318,1009,Visual2,R_PH_ROI,R,0.697674418604651
FEEDBACK_HIGH_LOSE,320,12,Posterior-Multimodal,R_TPOJ2_ROI,R,0.517482517482518
FEEDBACK_HIGH_LOSE,324,1009,Frontoparietal,R_IP2_ROI,R,1
FEEDBACK_HIGH_LOSE,325,1009,Frontoparietal,R_IP1_ROI,R,0.927835051546392
FEEDBACK_HIGH_LOSE,326,1009,Dorsal-Attention,R_IP0_ROI,R,0.989473684210526
FEEDBACK_HIGH_LOSE,327,9,Cingulo-Opercular,R_PFop_ROI,R,0.993548387096774
FEEDBACK_HIGH_LOSE,328,9,Cingulo-Opercular,R_PF_ROI,R,0.584856396866841
FEEDBACK_HIGH_LOSE,329,1009,Frontoparietal,R_PFm_ROI,R,0.906581740976645
FEEDBACK_HIGH_LOSE,333,1009,Visual2,R_VMV1_ROI,R,0.902654867256637
FEEDBACK_HIGH_LOSE,334,1009,Visual2,R_VMV3_ROI,R,1
FEEDBACK_HIGH_LOSE,337,11,Visual2,R_FST_ROI,R,0.623376623376623
FEEDBACK_HIGH_LOSE,338,1009,Visual2,R_V3CD_ROI,R,1
FEEDBACK_HIGH_LOSE,339,1009,Visual2,R_LO3_ROI,R,0.846153846153846
FEEDBACK_HIGH_LOSE,340,1009,Visual2,R_VMV2_ROI,R,0.903614457831325
FEEDBACK_HIGH_LOSE,341,8,Default,R_31pd_ROI,R,0.691358024691358
FEEDBACK_HIGH_LOSE,342,8,Frontoparietal,R_31a_ROI,R,0.5
FEEDBACK_HIGH_LOSE,343,1009,Visual2,R_VVC_ROI,R,1
FEEDBACK_HIGH_LOSE,347,9,Cingulo-Opercular,R_PoI1_ROI,R,0.957055214723926
FEEDBACK_HIGH_LOSE,348,9,Somatomotor,R_Ig_ROI,R,0.814516129032258
FEEDBACK_HIGH_LOSE,350,1008,Frontoparietal,R_p10p_ROI,R,0.513513513513514
FEEDBACK_HIGH_LOSE,351,1008,Frontoparietal,R_p47r_ROI,R,0.6
FEEDBACK_HIGH_LOSE,353,9,Auditory,R_MBelt_ROI,R,0.773333333333333
FEEDBACK_HIGH_LOSE,354,9,Auditory,R_LBelt_ROI,R,1
FEEDBACK_HIGH_LOSE,355,9,Auditory,R_A4_ROI,R,0.668449197860963
FEEDBACK_HIGH_LOSE,357,1009,Frontoparietal,R_TE1m_ROI,R,0.508196721311475
FEEDBACK_HIGH_LOSE,358,9,Cingulo-Opercular,R_PI_ROI,R,0.503937007874016
FEEDBACK_HIGH_LOSE,359,1008,Cingulo-Opercular,R_a32pr_ROI,R,0.992125984251969
FEEDBACK_HIGH_LOW_LOSE,7,1004,Visual2,L_V8_ROI,L,0.63265306122449
FEEDBACK_HIGH_LOW_LOSE,180,1001,Cingulo-Opercular,L_p24_ROI,L,0.637931034482759
FEEDBACK_HIGH_LOW_LOSE,187,1013,Visual2,R_V8_ROI,R,0.6875
FEEDBACK_HIGH_LOW_LOSE,242,1007,Frontoparietal,R_d32_ROI,R,0.959349593495935
FEEDBACK_HIGH_LOW_LOSE,244,1007,Default,R_p32_ROI,R,0.613861386138614
FEEDBACK_HIGH_LOW_LOSE,265,1005,Frontoparietal,R_a9-46v_ROI,R,0.610526315789474
FEEDBACK_HIGH_LOW_LOSE,285,7,Cingulo-Opercular,R_PFcm_ROI,R,0.66304347826087
FEEDBACK_HIGH_LOW_LOSE,292,1009,Orbito-Affective,R_AAIC_ROI,R,0.587301587301587
FEEDBACK_HIGH_LOW_LOSE,329,1008,Frontoparietal,R_PFm_ROI,R,0.602972399150743
FEEDBACK_HIGH_LOW_LOSE,331,1008,Default,R_PGs_ROI,R,0.593301435406699
FEEDBACK_HIGH_LOW_LOSE,337,8,Visual2,R_FST_ROI,R,0.701298701298701
FEEDBACK_HIGH_LOW_LOSE,359,1007,Cingulo-Opercular,R_a32pr_ROI,R,0.543307086614173
FEEDBACK_HIGH_LOW_WIN,42,1,Somatomotor,L_7AL_ROI,L,0.5
FEEDBACK_HIGH_LOW_WIN,99,2,Cingulo-Opercular,L_43_ROI,L,0.849206349206349
FEEDBACK_HIGH_LOW_WIN,100,2,Somatomotor,L_OP4_ROI,L,0.650943396226415
FEEDBACK_HIGH_LOW_WIN,111,1003,Frontoparietal,L_AVI_ROI,L,0.984126984126984
FEEDBACK_HIGH_LOW_WIN,112,1003,Orbito-Affective,L_AAIC_ROI,L,0.855263157894737
FEEDBACK_HIGH_LOW_WIN,168,3,Somatomotor,L_Ig_ROI,L,0.753846153846154
FEEDBACK_HIGH_LOW_WIN,180,1001,Cingulo-Opercular,L_p24_ROI,L,0.913793103448276
FEEDBACK_HIGH_LOW_WIN,206,1004,Language,R_SFL_ROI,R,0.689075630252101
FEEDBACK_HIGH_LOW_WIN,241,1004,Default,R_a24_ROI,R,0.768292682926829
FEEDBACK_HIGH_LOW_WIN,242,1004,Frontoparietal,R_d32_ROI,R,1
FEEDBACK_HIGH_LOW_WIN,243,1004,Frontoparietal,R_8BM_ROI,R,0.737142857142857
FEEDBACK_HIGH_LOW_WIN,244,1004,Default,R_p32_ROI,R,0.841584158415842
FEEDBACK_HIGH_LOW_WIN,254,1009,Frontoparietal,R_44_ROI,R,0.710344827586207
FEEDBACK_HIGH_LOW_WIN,257,1006,Frontoparietal,R_a47r_ROI,R,0.67816091954023
FEEDBACK_HIGH_LOW_WIN,263,1006,Frontoparietal,R_p9-46v_ROI,R,0.878453038674033
FEEDBACK_HIGH_LOW_WIN,265,1006,Frontoparietal,R_a9-46v_ROI,R,0.926315789473684
FEEDBACK_HIGH_LOW_WIN,269,1006,Frontoparietal,R_a10p_ROI,R,0.619718309859155
FEEDBACK_HIGH_LOW_WIN,271,1006,Frontoparietal,R_11l_ROI,R,0.797385620915033
FEEDBACK_HIGH_LOW_WIN,274,1006,Default,R_47s_ROI,R,0.73972602739726
FEEDBACK_HIGH_LOW_WIN,279,9,Cingulo-Opercular,R_43_ROI,R,0.762962962962963
FEEDBACK_HIGH_LOW_WIN,280,9,Somatomotor,R_OP4_ROI,R,0.758139534883721
FEEDBACK_HIGH_LOW_WIN,281,9,Somatomotor,R_OP1_ROI,R,0.641304347826087
FEEDBACK_HIGH_LOW_WIN,282,9,Somatomotor,R_OP2-3_ROI,R,0.632183908045977
FEEDBACK_HIGH_LOW_WIN,285,9,Cingulo-Opercular,R_PFcm_ROI,R,0.581521739130435
FEEDBACK_HIGH_LOW_WIN,291,1006,Frontoparietal,R_AVI_ROI,R,1
FEEDBACK_HIGH_LOW_WIN,292,1006,Orbito-Affective,R_AAIC_ROI,R,0.682539682539683
FEEDBACK_HIGH_LOW_WIN,293,9,Cingulo-Opercular,R_FOP1_ROI,R,0.535211267605634
FEEDBACK_HIGH_LOW_WIN,294,9,Cingulo-Opercular,R_FOP3_ROI,R,0.746666666666667
FEEDBACK_HIGH_LOW_WIN,324,1005,Frontoparietal,R_IP2_ROI,R,0.981651376146789
FEEDBACK_HIGH_LOW_WIN,329,1005,Frontoparietal,R_PFm_ROI,R,0.740976645435244
FEEDBACK_HIGH_LOW_WIN,349,1006,Cingulo-Opercular,R_FOP5_ROI,R,0.512820512820513
FEEDBACK_HIGH_LOW_WIN,351,1006,Frontoparietal,R_p47r_ROI,R,0.96
FEEDBACK_HIGH_LOW_WIN,359,1004,Cingulo-Opercular,R_a32pr_ROI,R,0.692913385826772
FEEDBACK_HIGH_LOW_WIN,360,1004,Cingulo-Opercular,R_p24_ROI,R,0.63013698630137
FEEDBACK_HIGH_WIN,1,1002,Visual1,L_V1_ROI,L,0.937424789410349
FEEDBACK_HIGH_WIN,4,1002,Visual2,L_V2_ROI,L,0.980613893376414
FEEDBACK_HIGH_WIN,5,1002,Visual2,L_V3_ROI,L,0.99406528189911
FEEDBACK_HIGH_WIN,6,1002,Visual2,L_V4_ROI,L,1
FEEDBACK_HIGH_WIN,7,1002,Visual2,L_V8_ROI,L,1
FEEDBACK_HIGH_WIN,9,1,Somatomotor,L_3b_ROI,L,0.616724738675958
FEEDBACK_HIGH_WIN,11,1001,Dorsal-Attention,L_PEF_ROI,L,0.805555555555556
FEEDBACK_HIGH_WIN,13,1002,Visual2,L_V3A_ROI,L,0.860927152317881
FEEDBACK_HIGH_WIN,16,1002,Visual2,L_V7_ROI,L,1
FEEDBACK_HIGH_WIN,17,1002,Visual2,L_IPS1_ROI,L,0.851851851851852
FEEDBACK_HIGH_WIN,18,1002,Visual2,L_FFC_ROI,L,0.993377483443709
FEEDBACK_HIGH_WIN,19,1002,Visual2,L_V3B_ROI,L,1
FEEDBACK_HIGH_WIN,20,1002,Visual2,L_LO1_ROI,L,1
FEEDBACK_HIGH_WIN,21,1002,Visual2,L_LO2_ROI,L,1
FEEDBACK_HIGH_WIN,22,1002,Visual2,L_PIT_ROI,L,1
FEEDBACK_HIGH_WIN,30,1,Default,L_7m_ROI,L,0.646153846153846
FEEDBACK_HIGH_WIN,31,1,Default,L_POS1_ROI,L,0.942222222222222
FEEDBACK_HIGH_WIN,33,1,Default,L_v23ab_ROI,L,1
FEEDBACK_HIGH_WIN,35,1,Default,L_31pv_ROI,L,0.89908256880734
FEEDBACK_HIGH_WIN,36,1,Somatomotor,L_5m_ROI,L,0.705357142857143
FEEDBACK_HIGH_WIN,37,1,Cingulo-Opercular,L_5mv_ROI,L,0.963350785340314
FEEDBACK_HIGH_WIN,38,1,Cingulo-Opercular,L_23c_ROI,L,0.987654320987654
FEEDBACK_HIGH_WIN,39,1,Somatomotor,L_5L_ROI,L,0.920212765957447
FEEDBACK_HIGH_WIN,40,1,Somatomotor,L_24dd_ROI,L,0.668161434977579
FEEDBACK_HIGH_WIN,41,1,Somatomotor,L_24dv_ROI,L,0.879432624113475
FEEDBACK_HIGH_WIN,42,1,Somatomotor,L_7AL_ROI,L,0.985294117647059
FEEDBACK_HIGH_WIN,43,1003,Cingulo-Opercular,L_SCEF_ROI,L,0.591133004926109
FEEDBACK_HIGH_WIN,46,1002,Dorsal-Attention,L_7PL_ROI,L,0.742268041237113
FEEDBACK_HIGH_WIN,47,1,Somatomotor,L_7PC_ROI,L,0.847953216374269
FEEDBACK_HIGH_WIN,48,1002,Visual2,L_LIPv_ROI,L,0.576923076923077
FEEDBACK_HIGH_WIN,50,1002,Dorsal-Attention,L_MIP_ROI,L,1
FEEDBACK_HIGH_WIN,51,1,Somatomotor,L_1_ROI,L,0.845386533665835
FEEDBACK_HIGH_WIN,52,1,Somatomotor,L_2_ROI,L,0.952961672473868
FEEDBACK_HIGH_WIN,55,1,Somatomotor,L_6mp_ROI,L,0.612403100775194
FEEDBACK_HIGH_WIN,57,1,Cingulo-Opercular,L_p24pr_ROI,L,0.925925925925926
FEEDBACK_HIGH_WIN,59,1,Cingulo-Opercular,L_a24pr_ROI,L,0.638297872340426
FEEDBACK_HIGH_WIN,62,1003,Default,L_d32_ROI,L,0.533333333333333
FEEDBACK_HIGH_WIN,63,1003,Frontoparietal,L_8BM_ROI,L,0.540229885057471
FEEDBACK_HIGH_WIN,65,4,Default,L_10r_ROI,L,0.946808510638298
FEEDBACK_HIGH_WIN,66,3,Default,L_47m_ROI,L,0.867924528301887
FEEDBACK_HIGH_WIN,68,7,Default,L_8Ad_ROI,L,0.731404958677686
FEEDBACK_HIGH_WIN,72,6,Default,L_10d_ROI,L,0.633986928104575
FEEDBACK_HIGH_WIN,77,1005,Frontoparietal,L_a47r_ROI,L,0.579545454545455
FEEDBACK_HIGH_WIN,80,1001,Frontoparietal,L_IFJp_ROI,L,1
FEEDBACK_HIGH_WIN,83,1001,Frontoparietal,L_p9-46v_ROI,L,0.609375
FEEDBACK_HIGH_WIN,88,4,Default,L_10v_ROI,L,0.601503759398496
FEEDBACK_HIGH_WIN,95,1002,Dorsal-Attention,L_LIPd_ROI,L,1
FEEDBACK_HIGH_WIN,99,1,Cingulo-Opercular,L_43_ROI,L,0.682539682539683
FEEDBACK_HIGH_WIN,100,1,Somatomotor,L_OP4_ROI,L,0.778301886792453
FEEDBACK_HIGH_WIN,101,1,Somatomotor,L_OP1_ROI,L,1
FEEDBACK_HIGH_WIN,102,1,Somatomotor,L_OP2-3_ROI,L,0.964539007092199
FEEDBACK_HIGH_WIN,103,1,Auditory,L_52_ROI,L,1
FEEDBACK_HIGH_WIN,104,1,Auditory,L_RI_ROI,L,0.648780487804878
FEEDBACK_HIGH_WIN,105,1,Cingulo-Opercular,L_PFcm_ROI,L,0.900763358778626
FEEDBACK_HIGH_WIN,106,1,Cingulo-Opercular,L_PoI2_ROI,L,0.745341614906832
FEEDBACK_HIGH_WIN,111,1006,Frontoparietal,L_AVI_ROI,L,0.96031746031746
FEEDBACK_HIGH_WIN,112,1006,Orbito-Affective,L_AAIC_ROI,L,0.93421052631579
FEEDBACK_HIGH_WIN,113,1,Cingulo-Opercular,L_FOP1_ROI,L,1
FEEDBACK_HIGH_WIN,114,1,Cingulo-Opercular,L_FOP3_ROI,L,0.964285714285714
FEEDBACK_HIGH_WIN,115,1,Somatomotor,L_FOP2_ROI,L,0.836538461538462
FEEDBACK_HIGH_WIN,116,1,Dorsal-Attention,L_PFt_ROI,L,0.81025641025641
FEEDBACK_HIGH_WIN,121,1002,Visual1,L_ProS_ROI,L,0.797101449275362
FEEDBACK_HIGH_WIN,125,1004,Language,L_A5_ROI,L,0.644927536231884
FEEDBACK_HIGH_WIN,129,1004,Language,L_STSdp_ROI,L,0.658291457286432
FEEDBACK_HIGH_WIN,137,2,Dorsal-Attention,L_PHT_ROI,L,0.510989010989011
FEEDBACK_HIGH_WIN,138,1002,Visual2,L_PH_ROI,L,0.817777777777778
FEEDBACK_HIGH_WIN,139,1004,Language,L_TPOJ1_ROI,L,0.795580110497238
FEEDBACK_HIGH_WIN,144,1002,Frontoparietal,L_IP2_ROI,L,0.924242424242424
FEEDBACK_HIGH_WIN,145,1002,Frontoparietal,L_IP1_ROI,L,0.788359788359788
FEEDBACK_HIGH_WIN,146,1002,Dorsal-Attention,L_IP0_ROI,L,0.824074074074074
FEEDBACK_HIGH_WIN,147,1,Cingulo-Opercular,L_PFop_ROI,L,1
FEEDBACK_HIGH_WIN,148,1,Cingulo-Opercular,L_PF_ROI,L,0.502688172043011
FEEDBACK_HIGH_WIN,151,2,Default,L_PGs_ROI,L,0.583606557377049
FEEDBACK_HIGH_WIN,153,1002,Visual2,L_VMV1_ROI,L,0.954545454545455
FEEDBACK_HIGH_WIN,154,1002,Visual2,L_VMV3_ROI,L,1
FEEDBACK_HIGH_WIN,155,5,Default,L_PHA2_ROI,L,0.676470588235294
FEEDBACK_HIGH_WIN,156,1002,Visual2,L_V4t_ROI,L,1
FEEDBACK_HIGH_WIN,158,1002,Visual2,L_V3CD_ROI,L,1
FEEDBACK_HIGH_WIN,159,1002,Visual2,L_LO3_ROI,L,0.8
FEEDBACK_HIGH_WIN,160,1002,Visual2,L_VMV2_ROI,L,0.847826086956522
FEEDBACK_HIGH_WIN,161,1,Default,L_31pd_ROI,L,0.944444444444444
FEEDBACK_HIGH_WIN,162,1,Default,L_31a_ROI,L,0.78125
FEEDBACK_HIGH_WIN,163,1002,Visual2,L_VVC_ROI,L,1
FEEDBACK_HIGH_WIN,167,1,Cingulo-Opercular,L_PoI1_ROI,L,0.967532467532468
FEEDBACK_HIGH_WIN,168,1,Somatomotor,L_Ig_ROI,L,0.846153846153846
FEEDBACK_HIGH_WIN,173,1,Auditory,L_MBelt_ROI,L,0.736263736263736
FEEDBACK_HIGH_WIN,174,1,Auditory,L_LBelt_ROI,L,0.605263157894737
FEEDBACK_HIGH_WIN,179,1003,Cingulo-Opercular,L_a32pr_ROI,L,0.859375
FEEDBACK_HIGH_WIN,180,1003,Cingulo-Opercular,L_p24_ROI,L,0.568965517241379
FEEDBACK_HIGH_WIN,181,1008,Visual1,R_V1_ROI,R,0.968233799237611
FEEDBACK_HIGH_WIN,183,1008,Visual2,R_V6_ROI,R,0.67479674796748
FEEDBACK_HIGH_WIN,184,1008,Visual2,R_V2_ROI,R,0.993344425956739
FEEDBACK_HIGH_WIN,185,1008,Visual2,R_V3_ROI,R,0.976945244956772
FEEDBACK_HIGH_WIN,186,1008,Visual2,R_V4_ROI,R,1
FEEDBACK_HIGH_WIN,187,1008,Visual2,R_V8_ROI,R,1
FEEDBACK_HIGH_WIN,191,1009,Cingulo-Opercular,R_PEF_ROI,R,0.626373626373626
FEEDBACK_HIGH_WIN,193,1008,Visual2,R_V3A_ROI,R,0.870748299319728
FEEDBACK_HIGH_WIN,195,1008,Frontoparietal,R_POS2_ROI,R,0.516
FEEDBACK_HIGH_WIN,196,1008,Visual2,R_V7_ROI,R,0.933333333333333
FEEDBACK_HIGH_WIN,197,1008,Visual2,R_IPS1_ROI,R,0.927927927927928
FEEDBACK_HIGH_WIN,198,1008,Visual2,R_FFC_ROI,R,0.976047904191617
FEEDBACK_HIGH_WIN,199,1008,Visual2,R_V3B_ROI,R,1
FEEDBACK_HIGH_WIN,200,1008,Visual2,R_LO1_ROI,R,1
FEEDBACK_HIGH_WIN,201,1008,Visual2,R_LO2_ROI,R,1
FEEDBACK_HIGH_WIN,202,1008,Visual2,R_PIT_ROI,R,1
FEEDBACK_HIGH_WIN,206,1009,Language,R_SFL_ROI,R,0.756302521008403
FEEDBACK_HIGH_WIN,209,1008,Frontoparietal,R_7Pm_ROI,R,0.802083333333333
FEEDBACK_HIGH_WIN,211,9,Default,R_POS1_ROI,R,0.679245283018868
FEEDBACK_HIGH_WIN,213,9,Default,R_v23ab_ROI,R,1
FEEDBACK_HIGH_WIN,217,10,Cingulo-Opercular,R_5mv_ROI,R,0.8
FEEDBACK_HIGH_WIN,218,10,Cingulo-Opercular,R_23c_ROI,R,0.594795539033457
FEEDBACK_HIGH_WIN,219,10,Somatomotor,R_5L_ROI,R,0.934010152284264
FEEDBACK_HIGH_WIN,220,10,Somatomotor,R_24dd_ROI,R,0.806451612903226
FEEDBACK_HIGH_WIN,221,10,Somatomotor,R_24dv_ROI,R,0.968152866242038
FEEDBACK_HIGH_WIN,222,10,Somatomotor,R_7AL_ROI,R,1
FEEDBACK_HIGH_WIN,224,1009,Cingulo-Opercular,R_6ma_ROI,R,0.535885167464115
FEEDBACK_HIGH_WIN,226,1008,Dorsal-Attention,R_7PL_ROI,R,0.636363636363636
FEEDBACK_HIGH_WIN,227,10,Somatomotor,R_7PC_ROI,R,0.974489795918367
FEEDBACK_HIGH_WIN,228,1008,Visual2,R_LIPv_ROI,R,0.571428571428571
FEEDBACK_HIGH_WIN,230,1008,Dorsal-Attention,R_MIP_ROI,R,0.9
FEEDBACK_HIGH_WIN,231,10,Somatomotor,R_1_ROI,R,0.702842377260982
FEEDBACK_HIGH_WIN,232,10,Somatomotor,R_2_ROI,R,0.99198717948718
FEEDBACK_HIGH_WIN,234,10,Somatomotor,R_6d_ROI,R,0.904494382022472
FEEDBACK_HIGH_WIN,235,10,Somatomotor,R_6mp_ROI,R,0.765799256505576
FEEDBACK_HIGH_WIN,237,10,Cingulo-Opercular,R_p24pr_ROI,R,0.923913043478261
FEEDBACK_HIGH_WIN,239,10,Cingulo-Opercular,R_a24pr_ROI,R,0.886792452830189
FEEDBACK_HIGH_WIN,242,1009,Frontoparietal,R_d32_ROI,R,1
FEEDBACK_HIGH_WIN,243,1009,Frontoparietal,R_8BM_ROI,R,0.851428571428571
FEEDBACK_HIGH_WIN,245,13,Default,R_10r_ROI,R,0.891891891891892
FEEDBACK_HIGH_WIN,253,1009,Frontoparietal,R_8C_ROI,R,0.732510288065844
FEEDBACK_HIGH_WIN,257,1009,Frontoparietal,R_a47r_ROI,R,0.919540229885057
FEEDBACK_HIGH_WIN,258,1009,Cingulo-Opercular,R_6r_ROI,R,0.64638783269962
FEEDBACK_HIGH_WIN,260,1009,Frontoparietal,R_IFJp_ROI,R,1
FEEDBACK_HIGH_WIN,261,1009,Frontoparietal,R_IFSp_ROI,R,0.774436090225564
FEEDBACK_HIGH_WIN,262,1009,Cingulo-Opercular,R_IFSa_ROI,R,0.692307692307692
FEEDBACK_HIGH_WIN,263,1009,Frontoparietal,R_p9-46v_ROI,R,0.911602209944751
FEEDBACK_HIGH_WIN,265,1009,Frontoparietal,R_a9-46v_ROI,R,0.957894736842105
FEEDBACK_HIGH_WIN,269,1009,Frontoparietal,R_a10p_ROI,R,0.830985915492958
FEEDBACK_HIGH_WIN,271,1009,Frontoparietal,R_11l_ROI,R,0.784313725490196
FEEDBACK_HIGH_WIN,272,1009,Frontoparietal,R_13l_ROI,R,0.609756097560976
FEEDBACK_HIGH_WIN,274,1009,Default,R_47s_ROI,R,0.582191780821918
FEEDBACK_HIGH_WIN,275,1008,Dorsal-Attention,R_LIPd_ROI,R,1
FEEDBACK_HIGH_WIN,276,1009,Dorsal-Attention,R_6a_ROI,R,0.616519174041298
FEEDBACK_HIGH_WIN,277,1009,Frontoparietal,R_i6-8_ROI,R,0.949494949494949
FEEDBACK_HIGH_WIN,278,1009,Frontoparietal,R_s6-8_ROI,R,1
FEEDBACK_HIGH_WIN,279,10,Cingulo-Opercular,R_43_ROI,R,0.896296296296296
FEEDBACK_HIGH_WIN,280,10,Somatomotor,R_OP4_ROI,R,0.809302325581395
FEEDBACK_HIGH_WIN,281,10,Somatomotor,R_OP1_ROI,R,1
FEEDBACK_HIGH_WIN,282,10,Somatomotor,R_OP2-3_ROI,R,0.655172413793103
FEEDBACK_HIGH_WIN,283,10,Auditory,R_52_ROI,R,0.924528301886792
FEEDBACK_HIGH_WIN,284,10,Somatomotor,R_RI_ROI,R,0.88655462184874
FEEDBACK_HIGH_WIN,285,10,Cingulo-Opercular,R_PFcm_ROI,R,1
FEEDBACK_HIGH_WIN,286,10,Cingulo-Opercular,R_PoI2_ROI,R,0.622093023255814
FEEDBACK_HIGH_WIN,287,10,Auditory,R_TA2_ROI,R,0.648648648648649
FEEDBACK_HIGH_WIN,291,1009,Frontoparietal,R_AVI_ROI,R,0.993333333333333
FEEDBACK_HIGH_WIN,292,1009,Orbito-Affective,R_AAIC_ROI,R,1
FEEDBACK_HIGH_WIN,293,10,Cingulo-Opercular,R_FOP1_ROI,R,0.71830985915493
FEEDBACK_HIGH_WIN,294,10,Cingulo-Opercular,R_FOP3_ROI,R,0.973333333333333
FEEDBACK_HIGH_WIN,295,10,Somatomotor,R_FOP2_ROI,R,1
FEEDBACK_HIGH_WIN,296,10,Dorsal-Attention,R_PFt_ROI,R,0.77720207253886
FEEDBACK_HIGH_WIN,299,1008,Default,R_PreS_ROI,R,0.556213017751479
FEEDBACK_HIGH_WIN,301,1008,Visual1,R_ProS_ROI,R,0.924812030075188
FEEDBACK_HIGH_WIN,304,10,Auditory,R_PBelt_ROI,R,0.666666666666667
FEEDBACK_HIGH_WIN,307,1008,Dorsal-Attention,R_PHA3_ROI,R,0.952941176470588
FEEDBACK_HIGH_WIN,309,1008,Language,R_STSdp_ROI,R,0.852380952380952
FEEDBACK_HIGH_WIN,310,1008,Default,R_STSvp_ROI,R,0.516556291390729
FEEDBACK_HIGH_WIN,313,1008,Frontoparietal,R_TE1p_ROI,R,0.871681415929204
FEEDBACK_HIGH_WIN,318,1008,Visual2,R_PH_ROI,R,0.773255813953488
FEEDBACK_HIGH_WIN,324,1008,Frontoparietal,R_IP2_ROI,R,1
FEEDBACK_HIGH_WIN,325,1008,Frontoparietal,R_IP1_ROI,R,1
FEEDBACK_HIGH_WIN,326,1008,Dorsal-Attention,R_IP0_ROI,R,1
FEEDBACK_HIGH_WIN,327,10,Cingulo-Opercular,R_PFop_ROI,R,0.896774193548387
FEEDBACK_HIGH_WIN,328,10,Cingulo-Opercular,R_PF_ROI,R,0.600522193211488
FEEDBACK_HIGH_WIN,329,1008,Frontoparietal,R_PFm_ROI,R,0.736730360934183
FEEDBACK_HIGH_WIN,333,1008,Visual2,R_VMV1_ROI,R,0.946902654867257
FEEDBACK_HIGH_WIN,334,1008,Visual2,R_VMV3_ROI,R,1
FEEDBACK_HIGH_WIN,336,1008,Visual2,R_V4t_ROI,R,0.511111111111111
FEEDBACK_HIGH_WIN,338,1008,Visual2,R_V3CD_ROI,R,1
FEEDBACK_HIGH_WIN,339,1008,Visual2,R_LO3_ROI,R,0.784615384615385
FEEDBACK_HIGH_WIN,340,1008,Visual2,R_VMV2_ROI,R,0.975903614457831
FEEDBACK_HIGH_WIN,341,9,Default,R_31pd_ROI,R,0.703703703703704
FEEDBACK_HIGH_WIN,343,1008,Visual2,R_VVC_ROI,R,1
FEEDBACK_HIGH_WIN,347,10,Cingulo-Opercular,R_PoI1_ROI,R,0.98159509202454
FEEDBACK_HIGH_WIN,348,10,Somatomotor,R_Ig_ROI,R,0.645161290322581
FEEDBACK_HIGH_WIN,350,1009,Frontoparietal,R_p10p_ROI,R,0.689189189189189
FEEDBACK_HIGH_WIN,351,1009,Frontoparietal,R_p47r_ROI,R,0.99
FEEDBACK_HIGH_WIN,354,10,Auditory,R_LBelt_ROI,R,0.847058823529412
FEEDBACK_HIGH_WIN,357,1008,Frontoparietal,R_TE1m_ROI,R,0.770491803278689
FEEDBACK_HIGH_WIN,359,1009,Cingulo-Opercular,R_a32pr_ROI,R,0.952755905511811
FEEDBACK_LOW_LOSE,1,1001,Visual1,L_V1_ROI,L,0.921780986762936
FEEDBACK_LOW_LOSE,4,1001,Visual2,L_V2_ROI,L,0.957996768982229
FEEDBACK_LOW_LOSE,5,1001,Visual2,L_V3_ROI,L,0.896142433234421
FEEDBACK_LOW_LOSE,6,1001,Visual2,L_V4_ROI,L,1
FEEDBACK_LOW_LOSE,7,1001,Visual2,L_V8_ROI,L,1
FEEDBACK_LOW_LOSE,9,1,Somatomotor,L_3b_ROI,L,0.724738675958188
FEEDBACK_LOW_LOSE,11,1007,Dorsal-Attention,L_PEF_ROI,L,0.736111111111111
FEEDBACK_LOW_LOSE,13,1001,Visual2,L_V3A_ROI,L,0.827814569536424
FEEDBACK_LOW_LOSE,14,1,Frontoparietal,L_RSC_ROI,L,0.838862559241706
FEEDBACK_LOW_LOSE,15,1,Frontoparietal,L_POS2_ROI,L,0.728
FEEDBACK_LOW_LOSE,16,1001,Visual2,L_V7_ROI,L,0.886363636363636
FEEDBACK_LOW_LOSE,17,1001,Visual2,L_IPS1_ROI,L,0.785185185185185
FEEDBACK_LOW_LOSE,18,1001,Visual2,L_FFC_ROI,L,1
FEEDBACK_LOW_LOSE,19,1001,Visual2,L_V3B_ROI,L,1
FEEDBACK_LOW_LOSE,20,1001,Visual2,L_LO1_ROI,L,1
FEEDBACK_LOW_LOSE,21,1001,Visual2,L_LO2_ROI,L,1
FEEDBACK_LOW_LOSE,22,1001,Visual2,L_PIT_ROI,L,1
FEEDBACK_LOW_LOSE,24,1,Auditory,L_A1_ROI,L,0.87012987012987
FEEDBACK_LOW_LOSE,30,1,Default,L_7m_ROI,L,0.684615384615385
FEEDBACK_LOW_LOSE,31,1,Default,L_POS1_ROI,L,0.946666666666667
FEEDBACK_LOW_LOSE,32,1,Default,L_23d_ROI,L,0.765432098765432
FEEDBACK_LOW_LOSE,33,1,Default,L_v23ab_ROI,L,1
FEEDBACK_LOW_LOSE,34,1,Default,L_d23ab_ROI,L,0.875
FEEDBACK_LOW_LOSE,35,1,Default,L_31pv_ROI,L,0.981651376146789
FEEDBACK_LOW_LOSE,36,1,Somatomotor,L_5m_ROI,L,0.5
FEEDBACK_LOW_LOSE,37,1,Cingulo-Opercular,L_5mv_ROI,L,0.931937172774869
FEEDBACK_LOW_LOSE,38,1,Cingulo-Opercular,L_23c_ROI,L,1
FEEDBACK_LOW_LOSE,39,1,Somatomotor,L_5L_ROI,L,0.861702127659575
FEEDBACK_LOW_LOSE,40,1,Somatomotor,L_24dd_ROI,L,0.677130044843049
FEEDBACK_LOW_LOSE,41,1,Somatomotor,L_24dv_ROI,L,0.886524822695036
FEEDBACK_LOW_LOSE,42,1,Somatomotor,L_7AL_ROI,L,0.995098039215686
FEEDBACK_LOW_LOSE,43,1003,Cingulo-Opercular,L_SCEF_ROI,L,0.517241379310345
FEEDBACK_LOW_LOSE,46,1001,Dorsal-Attention,L_7PL_ROI,L,0.762886597938144
FEEDBACK_LOW_LOSE,47,1,Somatomotor,L_7PC_ROI,L,0.807017543859649
FEEDBACK_LOW_LOSE,48,1001,Visual2,L_LIPv_ROI,L,0.538461538461538
FEEDBACK_LOW_LOSE,50,1001,Dorsal-Attention,L_MIP_ROI,L,1
FEEDBACK_LOW_LOSE,51,1,Somatomotor,L_1_ROI,L,0.825436408977556
FEEDBACK_LOW_LOSE,52,1,Somatomotor,L_2_ROI,L,0.963414634146341
FEEDBACK_LOW_LOSE,54,1,Somatomotor,L_6d_ROI,L,0.61038961038961
FEEDBACK_LOW_LOSE,57,1,Cingulo-Opercular,L_p24pr_ROI,L,0.925925925925926
FEEDBACK_LOW_LOSE,59,1,Cingulo-Opercular,L_a24pr_ROI,L,0.627659574468085
FEEDBACK_LOW_LOSE,61,2,Default,L_a24_ROI,L,0.9
FEEDBACK_LOW_LOSE,64,2,Default,L_p32_ROI,L,1
FEEDBACK_LOW_LOSE,65,2,Default,L_10r_ROI,L,1
FEEDBACK_LOW_LOSE,66,5,Default,L_47m_ROI,L,1
FEEDBACK_LOW_LOSE,68,8,Default,L_8Ad_ROI,L,0.838842975206612
FEEDBACK_LOW_LOSE,72,2,Default,L_10d_ROI,L,0.882352941176471
FEEDBACK_LOW_LOSE,73,1007,Frontoparietal,L_8C_ROI,L,0.509727626459144
FEEDBACK_LOW_LOSE,80,1007,Frontoparietal,L_IFJp_ROI,L,0.977011494252874
FEEDBACK_LOW_LOSE,92,5,Frontoparietal,L_13l_ROI,L,0.581196581196581
FEEDBACK_LOW_LOSE,95,1001,Dorsal-Attention,L_LIPd_ROI,L,1
FEEDBACK_LOW_LOSE,99,1,Cingulo-Opercular,L_43_ROI,L,0.746031746031746
FEEDBACK_LOW_LOSE,100,1,Somatomotor,L_OP4_ROI,L,0.839622641509434
FEEDBACK_LOW_LOSE,101,1,Somatomotor,L_OP1_ROI,L,1
FEEDBACK_LOW_LOSE,102,1,Somatomotor,L_OP2-3_ROI,L,0.971631205673759
FEEDBACK_LOW_LOSE,103,1,Auditory,L_52_ROI,L,1
FEEDBACK_LOW_LOSE,104,1,Auditory,L_RI_ROI,L,0.887804878048781
FEEDBACK_LOW_LOSE,105,1,Cingulo-Opercular,L_PFcm_ROI,L,0.916030534351145
FEEDBACK_LOW_LOSE,106,1,Cingulo-Opercular,L_PoI2_ROI,L,0.919254658385093
FEEDBACK_LOW_LOSE,107,1,Auditory,L_TA2_ROI,L,0.535211267605634
FEEDBACK_LOW_LOSE,109,1,Cingulo-Opercular,L_MI_ROI,L,0.512820512820513
FEEDBACK_LOW_LOSE,111,1006,Frontoparietal,L_AVI_ROI,L,0.571428571428571
FEEDBACK_LOW_LOSE,113,1,Cingulo-Opercular,L_FOP1_ROI,L,1
FEEDBACK_LOW_LOSE,114,1,Cingulo-Opercular,L_FOP3_ROI,L,0.952380952380952
FEEDBACK_LOW_LOSE,115,1,Somatomotor,L_FOP2_ROI,L,0.865384615384615
FEEDBACK_LOW_LOSE,116,1,Dorsal-Attention,L_PFt_ROI,L,0.876923076923077
FEEDBACK_LOW_LOSE,121,1001,Visual1,L_ProS_ROI,L,0.811594202898551
FEEDBACK_LOW_LOSE,124,1,Auditory,L_PBelt_ROI,L,0.939024390243902
FEEDBACK_LOW_LOSE,125,1005,Language,L_A5_ROI,L,0.528985507246377
FEEDBACK_LOW_LOSE,129,1005,Language,L_STSdp_ROI,L,0.844221105527638
FEEDBACK_LOW_LOSE,137,4,Dorsal-Attention,L_PHT_ROI,L,0.516483516483517
FEEDBACK_LOW_LOSE,138,1001,Visual2,L_PH_ROI,L,0.706666666666667
FEEDBACK_LOW_LOSE,146,1001,Dorsal-Attention,L_IP0_ROI,L,0.712962962962963
FEEDBACK_LOW_LOSE,147,1,Cingulo-Opercular,L_PFop_ROI,L,1
FEEDBACK_LOW_LOSE,148,1,Cingulo-Opercular,L_PF_ROI,L,0.516129032258065
FEEDBACK_LOW_LOSE,151,4,Default,L_PGs_ROI,L,0.668852459016394
FEEDBACK_LOW_LOSE,153,1001,Visual2,L_VMV1_ROI,L,0.931818181818182
FEEDBACK_LOW_LOSE,154,1001,Visual2,L_VMV3_ROI,L,1
FEEDBACK_LOW_LOSE,155,6,Default,L_PHA2_ROI,L,0.661764705882353
FEEDBACK_LOW_LOSE,156,1001,Visual2,L_V4t_ROI,L,1
FEEDBACK_LOW_LOSE,158,1001,Visual2,L_V3CD_ROI,L,1
FEEDBACK_LOW_LOSE,159,1001,Visual2,L_LO3_ROI,L,0.916666666666667
FEEDBACK_LOW_LOSE,160,1001,Visual2,L_VMV2_ROI,L,0.739130434782609
FEEDBACK_LOW_LOSE,161,1,Default,L_31pd_ROI,L,0.916666666666667
FEEDBACK_LOW_LOSE,162,1,Default,L_31a_ROI,L,1
FEEDBACK_LOW_LOSE,163,1001,Visual2,L_VVC_ROI,L,0.992063492063492
FEEDBACK_LOW_LOSE,164,2,Default,L_25_ROI,L,0.545454545454545
FEEDBACK_LOW_LOSE,165,2,Default,L_s32_ROI,L,0.833333333333333
FEEDBACK_LOW_LOSE,167,1,Cingulo-Opercular,L_PoI1_ROI,L,0.961038961038961
FEEDBACK_LOW_LOSE,168,1,Somatomotor,L_Ig_ROI,L,0.907692307692308
FEEDBACK_LOW_LOSE,173,1,Auditory,L_MBelt_ROI,L,0.934065934065934
FEEDBACK_LOW_LOSE,174,1,Auditory,L_LBelt_ROI,L,0.947368421052632
FEEDBACK_LOW_LOSE,175,1,Auditory,L_A4_ROI,L,0.514705882352941
FEEDBACK_LOW_LOSE,179,1003,Cingulo-Opercular,L_a32pr_ROI,L,0.5859375
FEEDBACK_LOW_LOSE,181,1008,Visual1,R_V1_ROI,R,0.941550190597205
FEEDBACK_LOW_LOSE,184,1008,Visual2,R_V2_ROI,R,0.991680532445923
FEEDBACK_LOW_LOSE,185,1008,Visual2,R_V3_ROI,R,0.913544668587896
FEEDBACK_LOW_LOSE,186,1008,Visual2,R_V4_ROI,R,1
FEEDBACK_LOW_LOSE,187,1008,Visual2,R_V8_ROI,R,1
FEEDBACK_LOW_LOSE,191,1009,Cingulo-Opercular,R_PEF_ROI,R,0.604395604395604
FEEDBACK_LOW_LOSE,192,1011,Language,R_55b_ROI,R,0.626168224299065
FEEDBACK_LOW_LOSE,193,1008,Visual2,R_V3A_ROI,R,0.82312925170068
FEEDBACK_LOW_LOSE,194,9,Frontoparietal,R_RSC_ROI,R,0.502164502164502
FEEDBACK_LOW_LOSE,196,1008,Visual2,R_V7_ROI,R,0.955555555555556
FEEDBACK_LOW_LOSE,197,1008,Visual2,R_IPS1_ROI,R,0.828828828828829
FEEDBACK_LOW_LOSE,198,1008,Visual2,R_FFC_ROI,R,0.994011976047904
FEEDBACK_LOW_LOSE,199,1008,Visual2,R_V3B_ROI,R,1
FEEDBACK_LOW_LOSE,200,1008,Visual2,R_LO1_ROI,R,1
FEEDBACK_LOW_LOSE,201,1008,Visual2,R_LO2_ROI,R,1
FEEDBACK_LOW_LOSE,202,1008,Visual2,R_PIT_ROI,R,1
FEEDBACK_LOW_LOSE,204,9,Auditory,R_A1_ROI,R,1
FEEDBACK_LOW_LOSE,206,1011,Language,R_SFL_ROI,R,0.773109243697479
FEEDBACK_LOW_LOSE,209,1008,Frontoparietal,R_7Pm_ROI,R,0.875
FEEDBACK_LOW_LOSE,211,9,Default,R_POS1_ROI,R,0.745283018867925
FEEDBACK_LOW_LOSE,213,9,Default,R_v23ab_ROI,R,1
FEEDBACK_LOW_LOSE,214,9,Default,R_d23ab_ROI,R,0.978723404255319
FEEDBACK_LOW_LOSE,215,9,Default,R_31pv_ROI,R,0.945945945945946
FEEDBACK_LOW_LOSE,217,9,Cingulo-Opercular,R_5mv_ROI,R,0.745454545454546
FEEDBACK_LOW_LOSE,218,9,Cingulo-Opercular,R_23c_ROI,R,0.717472118959108
FEEDBACK_LOW_LOSE,219,9,Somatomotor,R_5L_ROI,R,0.781725888324873
FEEDBACK_LOW_LOSE,220,9,Somatomotor,R_24dd_ROI,R,0.778225806451613
FEEDBACK_LOW_LOSE,221,9,Somatomotor,R_24dv_ROI,R,0.898089171974522
FEEDBACK_LOW_LOSE,222,9,Somatomotor,R_7AL_ROI,R,1
FEEDBACK_LOW_LOSE,224,1011,Cingulo-Opercular,R_6ma_ROI,R,0.5311004784689
FEEDBACK_LOW_LOSE,226,1008,Dorsal-Attention,R_7PL_ROI,R,0.779220779220779
FEEDBACK_LOW_LOSE,227,9,Somatomotor,R_7PC_ROI,R,0.969387755102041
FEEDBACK_LOW_LOSE,228,1008,Visual2,R_LIPv_ROI,R,0.525974025974026
FEEDBACK_LOW_LOSE,230,1008,Dorsal-Attention,R_MIP_ROI,R,0.883333333333333
FEEDBACK_LOW_LOSE,231,9,Somatomotor,R_1_ROI,R,0.705426356589147
FEEDBACK_LOW_LOSE,232,9,Somatomotor,R_2_ROI,R,0.998397435897436
FEEDBACK_LOW_LOSE,233,9,Somatomotor,R_3a_ROI,R,0.51875
FEEDBACK_LOW_LOSE,234,9,Somatomotor,R_6d_ROI,R,0.887640449438202
FEEDBACK_LOW_LOSE,235,9,Somatomotor,R_6mp_ROI,R,0.728624535315985
FEEDBACK_LOW_LOSE,237,9,Cingulo-Opercular,R_p24pr_ROI,R,0.934782608695652
FEEDBACK_LOW_LOSE,239,9,Cingulo-Opercular,R_a24pr_ROI,R,0.886792452830189
FEEDBACK_LOW_LOSE,242,1010,Frontoparietal,R_d32_ROI,R,0.780487804878049
FEEDBACK_LOW_LOSE,243,1010,Frontoparietal,R_8BM_ROI,R,0.68
FEEDBACK_LOW_LOSE,244,12,Default,R_p32_ROI,R,0.613861386138614
FEEDBACK_LOW_LOSE,245,12,Default,R_10r_ROI,R,1
FEEDBACK_LOW_LOSE,246,10,Default,R_47m_ROI,R,0.934426229508197
FEEDBACK_LOW_LOSE,253,1009,Frontoparietal,R_8C_ROI,R,0.695473251028807
FEEDBACK_LOW_LOSE,258,1009,Cingulo-Opercular,R_6r_ROI,R,0.642585551330799
FEEDBACK_LOW_LOSE,260,1009,Frontoparietal,R_IFJp_ROI,R,0.873015873015873
FEEDBACK_LOW_LOSE,261,1009,Frontoparietal,R_IFSp_ROI,R,0.81203007518797
FEEDBACK_LOW_LOSE,262,1009,Cingulo-Opercular,R_IFSa_ROI,R,0.58974358974359
FEEDBACK_LOW_LOSE,263,1009,Frontoparietal,R_p9-46v_ROI,R,0.823204419889503
FEEDBACK_LOW_LOSE,271,1014,Frontoparietal,R_11l_ROI,R,0.607843137254902
FEEDBACK_LOW_LOSE,275,1008,Dorsal-Attention,R_LIPd_ROI,R,1
FEEDBACK_LOW_LOSE,276,1011,Dorsal-Attention,R_6a_ROI,R,0.587020648967552
FEEDBACK_LOW_LOSE,277,1011,Frontoparietal,R_i6-8_ROI,R,0.555555555555556
FEEDBACK_LOW_LOSE,278,1011,Frontoparietal,R_s6-8_ROI,R,0.965116279069768
FEEDBACK_LOW_LOSE,279,9,Cingulo-Opercular,R_43_ROI,R,0.918518518518519
FEEDBACK_LOW_LOSE,280,9,Somatomotor,R_OP4_ROI,R,0.869767441860465
FEEDBACK_LOW_LOSE,281,9,Somatomotor,R_OP1_ROI,R,1
FEEDBACK_LOW_LOSE,282,9,Somatomotor,R_OP2-3_ROI,R,0.781609195402299
FEEDBACK_LOW_LOSE,283,9,Auditory,R_52_ROI,R,0.981132075471698
FEEDBACK_LOW_LOSE,284,9,Somatomotor,R_RI_ROI,R,0.932773109243698
FEEDBACK_LOW_LOSE,285,9,Cingulo-Opercular,R_PFcm_ROI,R,1
FEEDBACK_LOW_LOSE,286,9,Cingulo-Opercular,R_PoI2_ROI,R,0.645348837209302
FEEDBACK_LOW_LOSE,287,9,Auditory,R_TA2_ROI,R,0.657657657657658
FEEDBACK_LOW_LOSE,291,1013,Frontoparietal,R_AVI_ROI,R,0.86
FEEDBACK_LOW_LOSE,292,1013,Orbito-Affective,R_AAIC_ROI,R,0.698412698412698
FEEDBACK_LOW_LOSE,293,9,Cingulo-Opercular,R_FOP1_ROI,R,0.619718309859155
FEEDBACK_LOW_LOSE,294,9,Cingulo-Opercular,R_FOP3_ROI,R,0.906666666666667
FEEDBACK_LOW_LOSE,295,9,Somatomotor,R_FOP2_ROI,R,1
FEEDBACK_LOW_LOSE,296,9,Dorsal-Attention,R_PFt_ROI,R,0.818652849740933
FEEDBACK_LOW_LOSE,301,1008,Visual1,R_ProS_ROI,R,0.932330827067669
FEEDBACK_LOW_LOSE,304,9,Auditory,R_PBelt_ROI,R,0.885416666666667
FEEDBACK_LOW_LOSE,307,1008,Dorsal-Attention,R_PHA3_ROI,R,0.952941176470588
FEEDBACK_LOW_LOSE,309,1012,Language,R_STSdp_ROI,R,0.828571428571429
FEEDBACK_LOW_LOSE,310,1012,Default,R_STSvp_ROI,R,0.649006622516556
FEEDBACK_LOW_LOSE,316,1008,Dorsal-Attention,R_TE2p_ROI,R,0.503448275862069
FEEDBACK_LOW_LOSE,318,1008,Visual2,R_PH_ROI,R,0.726744186046512
FEEDBACK_LOW_LOSE,324,1008,Frontoparietal,R_IP2_ROI,R,0.967889908256881
FEEDBACK_LOW_LOSE,325,1008,Frontoparietal,R_IP1_ROI,R,0.917525773195876
FEEDBACK_LOW_LOSE,326,1008,Dorsal-Attention,R_IP0_ROI,R,0.989473684210526
FEEDBACK_LOW_LOSE,327,9,Cingulo-Opercular,R_PFop_ROI,R,0.974193548387097
FEEDBACK_LOW_LOSE,328,9,Cingulo-Opercular,R_PF_ROI,R,0.592689295039165
FEEDBACK_LOW_LOSE,329,1008,Frontoparietal,R_PFm_ROI,R,0.70276008492569
FEEDBACK_LOW_LOSE,333,1008,Visual2,R_VMV1_ROI,R,0.902654867256637
FEEDBACK_LOW_LOSE,334,1008,Visual2,R_VMV3_ROI,R,1
FEEDBACK_LOW_LOSE,336,1008,Visual2,R_V4t_ROI,R,0.666666666666667
FEEDBACK_LOW_LOSE,338,1008,Visual2,R_V3CD_ROI,R,1
FEEDBACK_LOW_LOSE,339,1008,Visual2,R_LO3_ROI,R,0.876923076923077
FEEDBACK_LOW_LOSE,340,1008,Visual2,R_VMV2_ROI,R,0.963855421686747
FEEDBACK_LOW_LOSE,341,9,Default,R_31pd_ROI,R,0.888888888888889
FEEDBACK_LOW_LOSE,342,9,Frontoparietal,R_31a_ROI,R,0.638888888888889
FEEDBACK_LOW_LOSE,343,1008,Visual2,R_VVC_ROI,R,1
FEEDBACK_LOW_LOSE,347,9,Cingulo-Opercular,R_PoI1_ROI,R,0.889570552147239
FEEDBACK_LOW_LOSE,348,9,Somatomotor,R_Ig_ROI,R,0.717741935483871
FEEDBACK_LOW_LOSE,351,1009,Frontoparietal,R_p47r_ROI,R,0.77
FEEDBACK_LOW_LOSE,353,9,Auditory,R_MBelt_ROI,R,0.946666666666667
FEEDBACK_LOW_LOSE,354,9,Auditory,R_LBelt_ROI,R,1
FEEDBACK_LOW_LOSE,355,9,Auditory,R_A4_ROI,R,0.668449197860963
FEEDBACK_LOW_LOSE,359,1010,Cingulo-Opercular,R_a32pr_ROI,R,0.960629921259842
FEEDBACK_LOW_WIN,1,1002,Visual1,L_V1_ROI,L,0.929001203369434
FEEDBACK_LOW_WIN,3,1002,Visual2,L_V6_ROI,L,0.605263157894737
FEEDBACK_LOW_WIN,4,1002,Visual2,L_V2_ROI,L,0.969305331179321
FEEDBACK_LOW_WIN,5,1002,Visual2,L_V3_ROI,L,0.979228486646884
FEEDBACK_LOW_WIN,6,1002,Visual2,L_V4_ROI,L,1
FEEDBACK_LOW_WIN,7,1002,Visual2,L_V8_ROI,L,1
FEEDBACK_LOW_WIN,11,1001,Dorsal-Attention,L_PEF_ROI,L,0.986111111111111
FEEDBACK_LOW_WIN,13,1002,Visual2,L_V3A_ROI,L,0.894039735099338
FEEDBACK_LOW_WIN,16,1002,Visual2,L_V7_ROI,L,1
FEEDBACK_LOW_WIN,17,1002,Visual2,L_IPS1_ROI,L,0.918518518518519
FEEDBACK_LOW_WIN,18,1002,Visual2,L_FFC_ROI,L,1
FEEDBACK_LOW_WIN,19,1002,Visual2,L_V3B_ROI,L,1
FEEDBACK_LOW_WIN,20,1002,Visual2,L_LO1_ROI,L,1
FEEDBACK_LOW_WIN,21,1002,Visual2,L_LO2_ROI,L,1
FEEDBACK_LOW_WIN,22,1002,Visual2,L_PIT_ROI,L,1
FEEDBACK_LOW_WIN,23,1002,Visual2,L_MT_ROI,L,0.603448275862069
FEEDBACK_LOW_WIN,30,1,Default,L_7m_ROI,L,0.669230769230769
FEEDBACK_LOW_WIN,31,1,Default,L_POS1_ROI,L,0.906666666666667
FEEDBACK_LOW_WIN,33,1,Default,L_v23ab_ROI,L,1
FEEDBACK_LOW_WIN,35,1,Default,L_31pv_ROI,L,0.724770642201835
FEEDBACK_LOW_WIN,37,1,Cingulo-Opercular,L_5mv_ROI,L,0.926701570680628
FEEDBACK_LOW_WIN,38,1,Cingulo-Opercular,L_23c_ROI,L,0.847736625514403
FEEDBACK_LOW_WIN,39,1,Somatomotor,L_5L_ROI,L,0.74468085106383
FEEDBACK_LOW_WIN,41,1,Somatomotor,L_24dv_ROI,L,0.822695035460993
FEEDBACK_LOW_WIN,42,1,Somatomotor,L_7AL_ROI,L,0.985294117647059
FEEDBACK_LOW_WIN,43,1003,Cingulo-Opercular,L_SCEF_ROI,L,0.699507389162562
FEEDBACK_LOW_WIN,46,1002,Dorsal-Attention,L_7PL_ROI,L,0.845360824742268
FEEDBACK_LOW_WIN,47,1,Somatomotor,L_7PC_ROI,L,0.538011695906433
FEEDBACK_LOW_WIN,48,1002,Visual2,L_LIPv_ROI,L,0.669230769230769
FEEDBACK_LOW_WIN,50,1002,Dorsal-Attention,L_MIP_ROI,L,1
FEEDBACK_LOW_WIN,51,1,Somatomotor,L_1_ROI,L,0.693266832917706
FEEDBACK_LOW_WIN,52,1,Somatomotor,L_2_ROI,L,0.806620209059233
FEEDBACK_LOW_WIN,57,1,Cingulo-Opercular,L_p24pr_ROI,L,0.925925925925926
FEEDBACK_LOW_WIN,61,2,Default,L_a24_ROI,L,0.688888888888889
FEEDBACK_LOW_WIN,64,2,Default,L_p32_ROI,L,0.888888888888889
FEEDBACK_LOW_WIN,65,2,Default,L_10r_ROI,L,0.968085106382979
FEEDBACK_LOW_WIN,66,4,Default,L_47m_ROI,L,0.584905660377359
FEEDBACK_LOW_WIN,68,5,Default,L_8Ad_ROI,L,0.607438016528926
FEEDBACK_LOW_WIN,69,2,Default,L_9m_ROI,L,0.512727272727273
FEEDBACK_LOW_WIN,72,2,Default,L_10d_ROI,L,0.660130718954248
FEEDBACK_LOW_WIN,73,1001,Frontoparietal,L_8C_ROI,L,0.556420233463035
FEEDBACK_LOW_WIN,77,1007,Frontoparietal,L_a47r_ROI,L,0.517045454545455
FEEDBACK_LOW_WIN,79,1001,Language,L_IFJa_ROI,L,0.647727272727273
FEEDBACK_LOW_WIN,80,1001,Frontoparietal,L_IFJp_ROI,L,1
FEEDBACK_LOW_WIN,95,1002,Dorsal-Attention,L_LIPd_ROI,L,1
FEEDBACK_LOW_WIN,101,1,Somatomotor,L_OP1_ROI,L,1
FEEDBACK_LOW_WIN,102,1,Somatomotor,L_OP2-3_ROI,L,0.907801418439716
FEEDBACK_LOW_WIN,103,1,Auditory,L_52_ROI,L,1
FEEDBACK_LOW_WIN,104,1,Auditory,L_RI_ROI,L,0.595121951219512
FEEDBACK_LOW_WIN,105,1,Cingulo-Opercular,L_PFcm_ROI,L,0.908396946564885
FEEDBACK_LOW_WIN,106,1,Cingulo-Opercular,L_PoI2_ROI,L,0.559006211180124
FEEDBACK_LOW_WIN,109,1,Cingulo-Opercular,L_MI_ROI,L,0.504273504273504
FEEDBACK_LOW_WIN,113,1,Cingulo-Opercular,L_FOP1_ROI,L,0.9
FEEDBACK_LOW_WIN,114,1,Cingulo-Opercular,L_FOP3_ROI,L,0.916666666666667
FEEDBACK_LOW_WIN,115,1,Somatomotor,L_FOP2_ROI,L,0.701923076923077
FEEDBACK_LOW_WIN,116,1,Dorsal-Attention,L_PFt_ROI,L,0.8
FEEDBACK_LOW_WIN,121,1002,Visual1,L_ProS_ROI,L,0.804347826086957
FEEDBACK_LOW_WIN,125,1005,Language,L_A5_ROI,L,0.63768115942029
FEEDBACK_LOW_WIN,129,1005,Language,L_STSdp_ROI,L,0.768844221105528
FEEDBACK_LOW_WIN,138,1002,Visual2,L_PH_ROI,L,0.804444444444444
FEEDBACK_LOW_WIN,139,1005,Language,L_TPOJ1_ROI,L,0.812154696132597
FEEDBACK_LOW_WIN,144,1002,Frontoparietal,L_IP2_ROI,L,0.757575757575758
FEEDBACK_LOW_WIN,145,1002,Frontoparietal,L_IP1_ROI,L,0.661375661375661
FEEDBACK_LOW_WIN,146,1002,Dorsal-Attention,L_IP0_ROI,L,0.814814814814815
FEEDBACK_LOW_WIN,147,1,Cingulo-Opercular,L_PFop_ROI,L,0.993710691823899
FEEDBACK_LOW_WIN,148,1,Cingulo-Opercular,L_PF_ROI,L,0.669354838709677
FEEDBACK_LOW_WIN,153,1002,Visual2,L_VMV1_ROI,L,0.965909090909091
FEEDBACK_LOW_WIN,154,1002,Visual2,L_VMV3_ROI,L,1
FEEDBACK_LOW_WIN,156,1002,Visual2,L_V4t_ROI,L,1
FEEDBACK_LOW_WIN,158,1002,Visual2,L_V3CD_ROI,L,1
FEEDBACK_LOW_WIN,159,1002,Visual2,L_LO3_ROI,L,1
FEEDBACK_LOW_WIN,160,1002,Visual2,L_VMV2_ROI,L,0.869565217391304
FEEDBACK_LOW_WIN,161,1,Default,L_31pd_ROI,L,0.851851851851852
FEEDBACK_LOW_WIN,162,1,Default,L_31a_ROI,L,0.890625
FEEDBACK_LOW_WIN,163,1002,Visual2,L_VVC_ROI,L,1
FEEDBACK_LOW_WIN,167,1,Cingulo-Opercular,L_PoI1_ROI,L,0.928571428571429
FEEDBACK_LOW_WIN,173,1,Auditory,L_MBelt_ROI,L,0.747252747252747
FEEDBACK_LOW_WIN,174,1,Auditory,L_LBelt_ROI,L,0.605263157894737
FEEDBACK_LOW_WIN,179,1003,Cingulo-Opercular,L_a32pr_ROI,L,0.6484375
FEEDBACK_LOW_WIN,181,1011,Visual1,R_V1_ROI,R,0.940279542566709
FEEDBACK_LOW_WIN,183,1011,Visual2,R_V6_ROI,R,0.739837398373984
FEEDBACK_LOW_WIN,184,1011,Visual2,R_V2_ROI,R,0.983361064891847
FEEDBACK_LOW_WIN,185,1011,Visual2,R_V3_ROI,R,0.930835734870317
FEEDBACK_LOW_WIN,186,1011,Visual2,R_V4_ROI,R,1
FEEDBACK_LOW_WIN,187,1011,Visual2,R_V8_ROI,R,1
FEEDBACK_LOW_WIN,191,1015,Cingulo-Opercular,R_PEF_ROI,R,0.615384615384615
FEEDBACK_LOW_WIN,193,1011,Visual2,R_V3A_ROI,R,0.891156462585034
FEEDBACK_LOW_WIN,196,1011,Visual2,R_V7_ROI,R,0.977777777777778
FEEDBACK_LOW_WIN,197,1011,Visual2,R_IPS1_ROI,R,0.873873873873874
FEEDBACK_LOW_WIN,198,1011,Visual2,R_FFC_ROI,R,0.994011976047904
FEEDBACK_LOW_WIN,199,1011,Visual2,R_V3B_ROI,R,1
FEEDBACK_LOW_WIN,200,1011,Visual2,R_LO1_ROI,R,1
FEEDBACK_LOW_WIN,201,1011,Visual2,R_LO2_ROI,R,1
FEEDBACK_LOW_WIN,202,1011,Visual2,R_PIT_ROI,R,1
FEEDBACK_LOW_WIN,205,7,Cingulo-Opercular,R_PSL_ROI,R,0.565714285714286
FEEDBACK_LOW_WIN,211,6,Default,R_POS1_ROI,R,0.665094339622642
FEEDBACK_LOW_WIN,213,6,Default,R_v23ab_ROI,R,0.987804878048781
FEEDBACK_LOW_WIN,215,6,Default,R_31pv_ROI,R,0.567567567567568
FEEDBACK_LOW_WIN,218,8,Cingulo-Opercular,R_23c_ROI,R,0.572490706319703
FEEDBACK_LOW_WIN,219,7,Somatomotor,R_5L_ROI,R,0.710659898477157
FEEDBACK_LOW_WIN,221,8,Somatomotor,R_24dv_ROI,R,0.67515923566879
FEEDBACK_LOW_WIN,222,7,Somatomotor,R_7AL_ROI,R,1
FEEDBACK_LOW_WIN,227,7,Somatomotor,R_7PC_ROI,R,0.928571428571429
FEEDBACK_LOW_WIN,228,1011,Visual2,R_LIPv_ROI,R,0.584415584415584
FEEDBACK_LOW_WIN,230,1011,Dorsal-Attention,R_MIP_ROI,R,0.888888888888889
FEEDBACK_LOW_WIN,232,7,Somatomotor,R_2_ROI,R,0.919871794871795
FEEDBACK_LOW_WIN,235,9,Somatomotor,R_6mp_ROI,R,0.605947955390335
FEEDBACK_LOW_WIN,237,8,Cingulo-Opercular,R_p24pr_ROI,R,0.934782608695652
FEEDBACK_LOW_WIN,239,8,Cingulo-Opercular,R_a24pr_ROI,R,0.867924528301887
FEEDBACK_LOW_WIN,242,1012,Frontoparietal,R_d32_ROI,R,0.886178861788618
FEEDBACK_LOW_WIN,243,1012,Frontoparietal,R_8BM_ROI,R,0.628571428571429
FEEDBACK_LOW_WIN,245,14,Default,R_10r_ROI,R,0.878378378378378
FEEDBACK_LOW_WIN,258,1015,Cingulo-Opercular,R_6r_ROI,R,0.524714828897339
FEEDBACK_LOW_WIN,259,1015,Language,R_IFJa_ROI,R,0.632911392405063
FEEDBACK_LOW_WIN,260,1015,Frontoparietal,R_IFJp_ROI,R,1
FEEDBACK_LOW_WIN,261,1015,Frontoparietal,R_IFSp_ROI,R,0.864661654135338
FEEDBACK_LOW_WIN,262,1015,Cingulo-Opercular,R_IFSa_ROI,R,0.698717948717949
FEEDBACK_LOW_WIN,263,1015,Frontoparietal,R_p9-46v_ROI,R,0.779005524861879
FEEDBACK_LOW_WIN,272,1015,Frontoparietal,R_13l_ROI,R,0.634146341463415
FEEDBACK_LOW_WIN,275,1011,Dorsal-Attention,R_LIPd_ROI,R,1
FEEDBACK_LOW_WIN,276,1013,Dorsal-Attention,R_6a_ROI,R,0.504424778761062
FEEDBACK_LOW_WIN,277,1013,Frontoparietal,R_i6-8_ROI,R,0.737373737373737
FEEDBACK_LOW_WIN,278,1013,Frontoparietal,R_s6-8_ROI,R,0.872093023255814
FEEDBACK_LOW_WIN,279,11,Cingulo-Opercular,R_43_ROI,R,0.733333333333333
FEEDBACK_LOW_WIN,281,7,Somatomotor,R_OP1_ROI,R,1
FEEDBACK_LOW_WIN,283,7,Auditory,R_52_ROI,R,0.867924528301887
FEEDBACK_LOW_WIN,284,7,Somatomotor,R_RI_ROI,R,0.777310924369748
FEEDBACK_LOW_WIN,285,7,Cingulo-Opercular,R_PFcm_ROI,R,1
FEEDBACK_LOW_WIN,287,7,Auditory,R_TA2_ROI,R,0.621621621621622
FEEDBACK_LOW_WIN,291,1017,Frontoparietal,R_AVI_ROI,R,0.826666666666667
FEEDBACK_LOW_WIN,292,1017,Orbito-Affective,R_AAIC_ROI,R,0.714285714285714
FEEDBACK_LOW_WIN,293,11,Cingulo-Opercular,R_FOP1_ROI,R,0.591549295774648
FEEDBACK_LOW_WIN,294,11,Cingulo-Opercular,R_FOP3_ROI,R,0.973333333333333
FEEDBACK_LOW_WIN,295,11,Somatomotor,R_FOP2_ROI,R,0.988372093023256
FEEDBACK_LOW_WIN,296,7,Dorsal-Attention,R_PFt_ROI,R,0.792746113989637
FEEDBACK_LOW_WIN,301,1011,Visual1,R_ProS_ROI,R,0.947368421052632
FEEDBACK_LOW_WIN,304,7,Auditory,R_PBelt_ROI,R,0.541666666666667
FEEDBACK_LOW_WIN,307,1011,Dorsal-Attention,R_PHA3_ROI,R,0.894117647058824
FEEDBACK_LOW_WIN,309,1014,Language,R_STSdp_ROI,R,0.680952380952381
FEEDBACK_LOW_WIN,318,1011,Visual2,R_PH_ROI,R,0.726744186046512
FEEDBACK_LOW_WIN,322,1011,Visual1,R_DVT_ROI,R,0.5
FEEDBACK_LOW_WIN,324,1011,Frontoparietal,R_IP2_ROI,R,0.944954128440367
FEEDBACK_LOW_WIN,325,1011,Frontoparietal,R_IP1_ROI,R,0.979381443298969
FEEDBACK_LOW_WIN,326,1011,Dorsal-Attention,R_IP0_ROI,R,1
FEEDBACK_LOW_WIN,327,7,Cingulo-Opercular,R_PFop_ROI,R,0.851612903225806
FEEDBACK_LOW_WIN,328,7,Cingulo-Opercular,R_PF_ROI,R,0.657963446475196
FEEDBACK_LOW_WIN,329,1011,Frontoparietal,R_PFm_ROI,R,0.607218683651805
FEEDBACK_LOW_WIN,333,1011,Visual2,R_VMV1_ROI,R,0.982300884955752
FEEDBACK_LOW_WIN,334,1011,Visual2,R_VMV3_ROI,R,1
FEEDBACK_LOW_WIN,336,1011,Visual2,R_V4t_ROI,R,0.777777777777778
FEEDBACK_LOW_WIN,338,1011,Visual2,R_V3CD_ROI,R,1
FEEDBACK_LOW_WIN,339,1011,Visual2,R_LO3_ROI,R,0.907692307692308
FEEDBACK_LOW_WIN,340,1011,Visual2,R_VMV2_ROI,R,0.951807228915663
FEEDBACK_LOW_WIN,341,6,Default,R_31pd_ROI,R,0.790123456790123
FEEDBACK_LOW_WIN,343,1011,Visual2,R_VVC_ROI,R,1
FEEDBACK_LOW_WIN,347,7,Cingulo-Opercular,R_PoI1_ROI,R,0.846625766871166
FEEDBACK_LOW_WIN,351,1015,Frontoparietal,R_p47r_ROI,R,0.5
FEEDBACK_LOW_WIN,354,7,Auditory,R_LBelt_ROI,R,0.847058823529412
FEEDBACK_LOW_WIN,359,1012,Cingulo-Opercular,R_a32pr_ROI,R,0.905511811023622
GUESS,1,1001,Visual1,L_V1_ROI,L,0.913357400722022
GUESS,2,1001,Visual2,L_MST_ROI,L,1
GUESS,3,2,Visual2,L_V6_ROI,L,0.771929824561403
GUESS,4,1001,Visual2,L_V2_ROI,L,0.662358642972536
GUESS,5,1001,Visual2,L_V3_ROI,L,0.56973293768546
GUESS,6,1001,Visual2,L_V4_ROI,L,0.905817174515235
GUESS,7,1001,Visual2,L_V8_ROI,L,1
GUESS,11,1001,Dorsal-Attention,L_PEF_ROI,L,0.555555555555556
GUESS,13,1001,Visual2,L_V3A_ROI,L,0.549668874172185
GUESS,18,1001,Visual2,L_FFC_ROI,L,0.993377483443709
GUESS,19,1001,Visual2,L_V3B_ROI,L,0.883116883116883
GUESS,20,1001,Visual2,L_LO1_ROI,L,1
GUESS,21,1001,Visual2,L_LO2_ROI,L,1
GUESS,22,1001,Visual2,L_PIT_ROI,L,1
GUESS,23,1001,Visual2,L_MT_ROI,L,0.913793103448276
GUESS,24,8,Auditory,L_A1_ROI,L,0.649350649350649
GUESS,27,1,Posterior-Multimodal,L_PCV_ROI,L,0.634146341463415
GUESS,31,2,Default,L_POS1_ROI,L,1
GUESS,33,2,Default,L_v23ab_ROI,L,1
GUESS,34,1,Default,L_d23ab_ROI,L,0.670454545454545
GUESS,35,1,Default,L_31pv_ROI,L,0.577981651376147
GUESS,41,1002,Somatomotor,L_24dv_ROI,L,0.879432624113475
GUESS,47,1001,Somatomotor,L_7PC_ROI,L,0.982456140350877
GUESS,48,1001,Visual2,L_LIPv_ROI,L,0.861538461538462
GUESS,50,1001,Dorsal-Attention,L_MIP_ROI,L,0.647798742138365
GUESS,51,1001,Somatomotor,L_1_ROI,L,0.817955112219451
GUESS,52,1001,Somatomotor,L_2_ROI,L,0.975609756097561
GUESS,54,1001,Somatomotor,L_6d_ROI,L,1
GUESS,56,1001,Somatomotor,L_6v_ROI,L,0.917647058823529
GUESS,59,1002,Cingulo-Opercular,L_a24pr_ROI,L,0.808510638297872
GUESS,60,1002,Cingulo-Opercular,L_p32pr_ROI,L,0.920863309352518
GUESS,61,11,Default,L_a24_ROI,L,0.7
GUESS,64,11,Default,L_p32_ROI,L,0.606060606060606
GUESS,65,11,Default,L_10r_ROI,L,0.968085106382979
GUESS,66,9,Default,L_47m_ROI,L,1
GUESS,68,6,Default,L_8Ad_ROI,L,0.888429752066116
GUESS,72,12,Default,L_10d_ROI,L,0.581699346405229
GUESS,78,1001,Cingulo-Opercular,L_6r_ROI,L,0.855371900826446
GUESS,89,1004,Frontoparietal,L_a10p_ROI,L,0.714285714285714
GUESS,91,1004,Frontoparietal,L_11l_ROI,L,0.535294117647059
GUESS,92,9,Frontoparietal,L_13l_ROI,L,0.547008547008547
GUESS,95,1001,Dorsal-Attention,L_LIPd_ROI,L,1
GUESS,101,1001,Somatomotor,L_OP1_ROI,L,1
GUESS,102,1001,Somatomotor,L_OP2-3_ROI,L,0.531914893617021
GUESS,105,1001,Cingulo-Opercular,L_PFcm_ROI,L,0.541984732824428
GUESS,106,1001,Cingulo-Opercular,L_PoI2_ROI,L,0.590062111801242
GUESS,107,8,Auditory,L_TA2_ROI,L,0.788732394366197
GUESS,108,1001,Cingulo-Opercular,L_FOP4_ROI,L,0.870967741935484
GUESS,109,1001,Cingulo-Opercular,L_MI_ROI,L,0.837606837606838
GUESS,113,1001,Cingulo-Opercular,L_FOP1_ROI,L,0.92
GUESS,114,1001,Cingulo-Opercular,L_FOP3_ROI,L,0.714285714285714
GUESS,115,1001,Somatomotor,L_FOP2_ROI,L,0.923076923076923
GUESS,116,1001,Dorsal-Attention,L_PFt_ROI,L,0.984615384615385
GUESS,117,1001,Dorsal-Attention,L_AIP_ROI,L,0.825242718446602
GUESS,120,3,Default,L_H_ROI,L,0.545064377682404
GUESS,123,8,Language,L_STGa_ROI,L,0.68421052631579
GUESS,124,8,Auditory,L_PBelt_ROI,L,1
GUESS,125,8,Language,L_A5_ROI,L,0.942028985507246
GUESS,126,3,Default,L_PHA1_ROI,L,0.833333333333333
GUESS,127,3,Dorsal-Attention,L_PHA3_ROI,L,0.908333333333333
GUESS,128,8,Language,L_STSda_ROI,L,0.934959349593496
GUESS,132,8,Default,L_TE1a_ROI,L,0.5
GUESS,136,1001,Dorsal-Attention,L_TE2p_ROI,L,0.552
GUESS,138,1001,Visual2,L_PH_ROI,L,0.675555555555556
GUESS,140,1001,Posterior-Multimodal,L_TPOJ2_ROI,L,0.5
GUESS,142,2,Visual1,L_DVT_ROI,L,0.744186046511628
GUESS,143,7,Dorsal-Attention,L_PGp_ROI,L,0.755102040816326
GUESS,144,1001,Frontoparietal,L_IP2_ROI,L,0.707070707070707
GUESS,146,1001,Dorsal-Attention,L_IP0_ROI,L,0.564814814814815
GUESS,147,1001,Cingulo-Opercular,L_PFop_ROI,L,0.911949685534591
GUESS,148,1001,Cingulo-Opercular,L_PF_ROI,L,0.543010752688172
GUESS,150,7,Default,L_PGi_ROI,L,0.574418604651163
GUESS,151,7,Default,L_PGs_ROI,L,0.521311475409836
GUESS,152,2,Visual2,L_V6A_ROI,L,0.73469387755102
GUESS,155,3,Default,L_PHA2_ROI,L,1
GUESS,156,1001,Visual2,L_V4t_ROI,L,1
GUESS,157,1001,Visual2,L_FST_ROI,L,0.928571428571429
GUESS,160,3,Visual2,L_VMV2_ROI,L,0.847826086956522
GUESS,161,1,Default,L_31pd_ROI,L,0.666666666666667
GUESS,162,1,Default,L_31a_ROI,L,1
GUESS,163,1001,Visual2,L_VVC_ROI,L,0.626984126984127
GUESS,165,11,Default,L_s32_ROI,L,0.759259259259259
GUESS,173,8,Auditory,L_MBelt_ROI,L,0.912087912087912
GUESS,174,8,Auditory,L_LBelt_ROI,L,1
GUESS,175,8,Auditory,L_A4_ROI,L,0.985294117647059
GUESS,176,8,Default,L_STSva_ROI,L,1
GUESS,178,8,Cingulo-Opercular,L_PI_ROI,L,0.761538461538462
GUESS,181,1006,Visual1,R_V1_ROI,R,0.903430749682338
GUESS,182,1006,Visual2,R_MST_ROI,R,1
GUESS,183,14,Visual2,R_V6_ROI,R,0.869918699186992
GUESS,184,1006,Visual2,R_V2_ROI,R,0.579034941763727
GUESS,185,1006,Visual2,R_V3_ROI,R,0.527377521613833
GUESS,186,1006,Visual2,R_V4_ROI,R,0.853333333333333
GUESS,187,1006,Visual2,R_V8_ROI,R,0.8125
GUESS,188,14,Somatomotor,R_4_ROI,R,0.880246913580247
GUESS,189,14,Somatomotor,R_3b_ROI,R,0.872531418312388
GUESS,190,1008,Cingulo-Opercular,R_FEF_ROI,R,0.698324022346369
GUESS,192,1008,Language,R_55b_ROI,R,0.551401869158879
GUESS,198,1006,Visual2,R_FFC_ROI,R,1
GUESS,199,1006,Visual2,R_V3B_ROI,R,0.643835616438356
GUESS,200,1006,Visual2,R_LO1_ROI,R,0.883720930232558
GUESS,201,1006,Visual2,R_LO2_ROI,R,1
GUESS,202,1006,Visual2,R_PIT_ROI,R,1
GUESS,203,1006,Visual2,R_MT_ROI,R,0.857142857142857
GUESS,204,17,Auditory,R_A1_ROI,R,1
GUESS,205,1006,Cingulo-Opercular,R_PSL_ROI,R,0.805714285714286
GUESS,206,1007,Language,R_SFL_ROI,R,0.714285714285714
GUESS,207,14,Posterior-Multimodal,R_PCV_ROI,R,0.609756097560976
GUESS,209,1012,Frontoparietal,R_7Pm_ROI,R,0.53125
GUESS,210,14,Default,R_7m_ROI,R,0.577777777777778
GUESS,211,14,Default,R_POS1_ROI,R,0.957547169811321
GUESS,213,14,Default,R_v23ab_ROI,R,1
GUESS,214,14,Default,R_d23ab_ROI,R,0.595744680851064
GUESS,215,14,Default,R_31pv_ROI,R,0.81981981981982
GUESS,216,14,Somatomotor,R_5m_ROI,R,0.546052631578947
GUESS,217,14,Cingulo-Opercular,R_5mv_ROI,R,0.913636363636364
GUESS,218,14,Cingulo-Opercular,R_23c_ROI,R,0.672862453531598
GUESS,220,14,Somatomotor,R_24dd_ROI,R,0.55241935483871
GUESS,233,14,Somatomotor,R_3a_ROI,R,0.95
GUESS,236,1011,Somatomotor,R_6v_ROI,R,0.555555555555556
GUESS,239,1007,Cingulo-Opercular,R_a24pr_ROI,R,0.528301886792453
GUESS,240,1007,Cingulo-Opercular,R_p32pr_ROI,R,0.666666666666667
GUESS,241,20,Default,R_a24_ROI,R,0.560975609756098
GUESS,244,20,Default,R_p32_ROI,R,0.702970297029703
GUESS,245,20,Default,R_10r_ROI,R,0.972972972972973
GUESS,246,18,Default,R_47m_ROI,R,1
GUESS,248,21,Default,R_8Ad_ROI,R,0.573221757322176
GUESS,261,19,Frontoparietal,R_IFSp_ROI,R,0.548872180451128
GUESS,263,1010,Frontoparietal,R_p9-46v_ROI,R,0.56353591160221
GUESS,264,1010,Cingulo-Opercular,R_46_ROI,R,0.526748971193416
GUESS,265,1010,Frontoparietal,R_a9-46v_ROI,R,0.652631578947369
GUESS,266,1010,Cingulo-Opercular,R_9-46d_ROI,R,0.654618473895582
GUESS,268,20,Default,R_10v_ROI,R,0.581632653061225
GUESS,271,1014,Frontoparietal,R_11l_ROI,R,0.555555555555556
GUESS,272,18,Frontoparietal,R_13l_ROI,R,0.682926829268293
GUESS,282,14,Somatomotor,R_OP2-3_ROI,R,0.839080459770115
GUESS,283,17,Auditory,R_52_ROI,R,0.735849056603774
GUESS,287,17,Auditory,R_TA2_ROI,R,0.990990990990991
GUESS,288,1011,Cingulo-Opercular,R_FOP4_ROI,R,0.871794871794872
GUESS,289,1011,Cingulo-Opercular,R_MI_ROI,R,0.850467289719626
GUESS,293,1011,Cingulo-Opercular,R_FOP1_ROI,R,0.943661971830986
GUESS,294,1011,Cingulo-Opercular,R_FOP3_ROI,R,0.56
GUESS,295,1011,Somatomotor,R_FOP2_ROI,R,0.965116279069768
GUESS,296,1009,Dorsal-Attention,R_PFt_ROI,R,0.518134715025907
GUESS,303,17,Language,R_STGa_ROI,R,0.6875
GUESS,304,17,Auditory,R_PBelt_ROI,R,1
GUESS,305,17,Language,R_A5_ROI,R,0.844221105527638
GUESS,306,15,Default,R_PHA1_ROI,R,0.776785714285714
GUESS,307,15,Dorsal-Attention,R_PHA3_ROI,R,0.870588235294118
GUESS,308,17,Default,R_STSda_ROI,R,0.851063829787234
GUESS,312,17,Default,R_TE1a_ROI,R,0.590476190476191
GUESS,316,1006,Dorsal-Attention,R_TE2p_ROI,R,0.648275862068966
GUESS,318,1006,Visual2,R_PH_ROI,R,0.668604651162791
GUESS,322,14,Visual1,R_DVT_ROI,R,0.576923076923077
GUESS,323,16,Dorsal-Attention,R_PGp_ROI,R,0.61437908496732
GUESS,324,1006,Frontoparietal,R_IP2_ROI,R,0.559633027522936
GUESS,325,1006,Frontoparietal,R_IP1_ROI,R,0.556701030927835
GUESS,327,1009,Cingulo-Opercular,R_PFop_ROI,R,0.787096774193548
GUESS,329,1006,Frontoparietal,R_PFm_ROI,R,0.698513800424628
GUESS,330,16,Default,R_PGi_ROI,R,0.59946949602122
GUESS,332,14,Visual2,R_V6A_ROI,R,0.914893617021277
GUESS,335,15,Default,R_PHA2_ROI,R,1
GUESS,336,1006,Visual2,R_V4t_ROI,R,1
GUESS,337,1006,Visual2,R_FST_ROI,R,0.831168831168831
GUESS,340,15,Visual2,R_VMV2_ROI,R,0.63855421686747
GUESS,341,14,Default,R_31pd_ROI,R,0.753086419753086
GUESS,342,14,Frontoparietal,R_31a_ROI,R,1
GUESS,343,1006,Visual2,R_VVC_ROI,R,0.604838709677419
GUESS,344,20,Default,R_25_ROI,R,0.5
GUESS,345,20,Default,R_s32_ROI,R,0.846153846153846
GUESS,347,17,Cingulo-Opercular,R_PoI1_ROI,R,0.515337423312884
GUESS,353,17,Auditory,R_MBelt_ROI,R,1
GUESS,354,17,Auditory,R_LBelt_ROI,R,1
GUESS,355,17,Auditory,R_A4_ROI,R,0.935828877005348
GUESS,356,17,Default,R_STSva_ROI,R,1
GUESS,358,17,Cingulo-Opercular,R_PI_ROI,R,0.795275590551181
GUESS,359,1007,Cingulo-Opercular,R_a32pr_ROI,R,0.858267716535433
TASK,1,1002,Visual1,L_V1_ROI,L,0.942238267148014
TASK,3,1002,Visual2,L_V6_ROI,L,0.833333333333333
TASK,4,1002,Visual2,L_V2_ROI,L,0.975767366720517
TASK,5,1002,Visual2,L_V3_ROI,L,0.98219584569733
TASK,6,1002,Visual2,L_V4_ROI,L,1
TASK,7,1002,Visual2,L_V8_ROI,L,1
TASK,10,1001,Cingulo-Opercular,L_FEF_ROI,L,0.725490196078431
TASK,11,1001,Dorsal-Attention,L_PEF_ROI,L,1
TASK,12,1001,Language,L_55b_ROI,L,0.838461538461539
TASK,13,1002,Visual2,L_V3A_ROI,L,0.933774834437086
TASK,15,1002,Frontoparietal,L_POS2_ROI,L,0.584
TASK,16,1002,Visual2,L_V7_ROI,L,1
TASK,17,1002,Visual2,L_IPS1_ROI,L,1
TASK,18,1002,Visual2,L_FFC_ROI,L,1
TASK,19,1002,Visual2,L_V3B_ROI,L,1
TASK,20,1002,Visual2,L_LO1_ROI,L,1
TASK,21,1002,Visual2,L_LO2_ROI,L,1
TASK,22,1002,Visual2,L_PIT_ROI,L,1
TASK,23,1002,Visual2,L_MT_ROI,L,0.982758620689655
TASK,24,3,Auditory,L_A1_ROI,L,0.727272727272727
TASK,31,1,Default,L_POS1_ROI,L,0.915555555555556
TASK,33,1,Default,L_v23ab_ROI,L,0.986111111111111
TASK,35,1,Default,L_31pv_ROI,L,0.513761467889908
TASK,37,2,Cingulo-Opercular,L_5mv_ROI,L,0.884816753926702
TASK,38,2,Cingulo-Opercular,L_23c_ROI,L,0.68724279835391
TASK,39,2,Somatomotor,L_5L_ROI,L,0.728723404255319
TASK,41,2,Somatomotor,L_24dv_ROI,L,0.553191489361702
TASK,42,2,Somatomotor,L_7AL_ROI,L,0.980392156862745
TASK,43,1003,Cingulo-Opercular,L_SCEF_ROI,L,0.896551724137931
TASK,46,1002,Dorsal-Attention,L_7PL_ROI,L,1
TASK,48,1002,Visual2,L_LIPv_ROI,L,0.907692307692308
TASK,49,1002,Visual2,L_VIP_ROI,L,0.663793103448276
TASK,50,1002,Dorsal-Attention,L_MIP_ROI,L,1
TASK,57,2,Cingulo-Opercular,L_p24pr_ROI,L,0.851851851851852
TASK,60,1003,Cingulo-Opercular,L_p32pr_ROI,L,0.517985611510791
TASK,61,6,Default,L_a24_ROI,L,0.544444444444444
TASK,64,6,Default,L_p32_ROI,L,0.828282828282828
TASK,65,6,Default,L_10r_ROI,L,0.978723404255319
TASK,66,4,Default,L_47m_ROI,L,0.830188679245283
TASK,69,6,Default,L_9m_ROI,L,0.527272727272727
TASK,72,6,Default,L_10d_ROI,L,0.633986928104575
TASK,73,1001,Frontoparietal,L_8C_ROI,L,0.739299610894942
TASK,79,1001,Language,L_IFJa_ROI,L,1
TASK,80,1001,Frontoparietal,L_IFJp_ROI,L,1
TASK,81,1001,Language,L_IFSp_ROI,L,0.679611650485437
TASK,82,1001,Frontoparietal,L_IFSa_ROI,L,0.628930817610063
TASK,83,1001,Frontoparietal,L_p9-46v_ROI,L,0.6796875
TASK,95,1002,Dorsal-Attention,L_LIPd_ROI,L,1
TASK,96,1001,Dorsal-Attention,L_6a_ROI,L,0.652777777777778
TASK,97,1001,Frontoparietal,L_i6-8_ROI,L,0.651162790697675
TASK,99,3,Cingulo-Opercular,L_43_ROI,L,0.547619047619048
TASK,100,3,Somatomotor,L_OP4_ROI,L,0.64622641509434
TASK,101,3,Somatomotor,L_OP1_ROI,L,0.925925925925926
TASK,102,3,Somatomotor,L_OP2-3_ROI,L,0.872340425531915
TASK,103,3,Auditory,L_52_ROI,L,1
TASK,104,3,Auditory,L_RI_ROI,L,0.746341463414634
TASK,105,3,Cingulo-Opercular,L_PFcm_ROI,L,0.885496183206107
TASK,106,3,Cingulo-Opercular,L_PoI2_ROI,L,0.559006211180124
TASK,107,3,Auditory,L_TA2_ROI,L,0.605633802816901
TASK,111,1001,Frontoparietal,L_AVI_ROI,L,0.777777777777778
TASK,113,3,Cingulo-Opercular,L_FOP1_ROI,L,0.58
TASK,114,3,Cingulo-Opercular,L_FOP3_ROI,L,0.857142857142857
TASK,116,3,Dorsal-Attention,L_PFt_ROI,L,0.743589743589744
TASK,117,1002,Dorsal-Attention,L_AIP_ROI,L,0.55663430420712
TASK,121,1002,Visual1,L_ProS_ROI,L,0.847826086956522
TASK,123,1007,Language,L_STGa_ROI,L,0.789473684210526
TASK,124,3,Auditory,L_PBelt_ROI,L,1
TASK,125,1002,Language,L_A5_ROI,L,0.601449275362319
TASK,127,1002,Dorsal-Attention,L_PHA3_ROI,L,0.558333333333333
TASK,129,1002,Language,L_STSdp_ROI,L,0.964824120603015
TASK,130,1002,Default,L_STSvp_ROI,L,0.5
TASK,133,1002,Frontoparietal,L_TE1p_ROI,L,0.609243697478992
TASK,135,1002,Ventral-Multimodal,L_TF_ROI,L,0.537162162162162
TASK,136,1002,Dorsal-Attention,L_TE2p_ROI,L,0.752
TASK,138,1002,Visual2,L_PH_ROI,L,0.942222222222222
TASK,139,1002,Language,L_TPOJ1_ROI,L,0.966850828729282
TASK,144,1002,Frontoparietal,L_IP2_ROI,L,0.929292929292929
TASK,145,1002,Frontoparietal,L_IP1_ROI,L,0.989417989417989
TASK,146,1002,Dorsal-Attention,L_IP0_ROI,L,0.981481481481481
TASK,147,3,Cingulo-Opercular,L_PFop_ROI,L,0.993710691823899
TASK,153,1002,Visual2,L_VMV1_ROI,L,0.988636363636364
TASK,154,1002,Visual2,L_VMV3_ROI,L,1
TASK,156,1002,Visual2,L_V4t_ROI,L,1
TASK,158,1002,Visual2,L_V3CD_ROI,L,1
TASK,159,1002,Visual2,L_LO3_ROI,L,1
TASK,160,1002,Visual2,L_VMV2_ROI,L,0.956521739130435
TASK,163,1002,Visual2,L_VVC_ROI,L,1
TASK,167,3,Cingulo-Opercular,L_PoI1_ROI,L,0.909090909090909
TASK,170,1005,Frontoparietal,L_p10p_ROI,L,0.654545454545455
TASK,173,3,Auditory,L_MBelt_ROI,L,1
TASK,174,3,Auditory,L_LBelt_ROI,L,0.986842105263158
TASK,175,3,Auditory,L_A4_ROI,L,0.612745098039216
TASK,179,1003,Cingulo-Opercular,L_a32pr_ROI,L,0.8828125
TASK,181,1008,Visual1,R_V1_ROI,R,0.950444726810673
TASK,183,1008,Visual2,R_V6_ROI,R,0.853658536585366
TASK,184,1008,Visual2,R_V2_ROI,R,0.990016638935108
TASK,185,1008,Visual2,R_V3_ROI,R,0.971181556195966
TASK,186,1008,Visual2,R_V4_ROI,R,1
TASK,187,1008,Visual2,R_V8_ROI,R,1
TASK,190,1009,Cingulo-Opercular,R_FEF_ROI,R,0.692737430167598
TASK,191,1009,Cingulo-Opercular,R_PEF_ROI,R,0.956043956043956
TASK,192,1009,Language,R_55b_ROI,R,0.794392523364486
TASK,193,1008,Visual2,R_V3A_ROI,R,0.938775510204082
TASK,195,1008,Frontoparietal,R_POS2_ROI,R,0.764
TASK,196,1008,Visual2,R_V7_ROI,R,1
TASK,197,1008,Visual2,R_IPS1_ROI,R,0.990990990990991
TASK,198,1008,Visual2,R_FFC_ROI,R,1
TASK,199,1008,Visual2,R_V3B_ROI,R,1
TASK,200,1008,Visual2,R_LO1_ROI,R,1
TASK,201,1008,Visual2,R_LO2_ROI,R,1
TASK,202,1008,Visual2,R_PIT_ROI,R,1
TASK,203,1008,Visual2,R_MT_ROI,R,0.595238095238095
TASK,204,9,Auditory,R_A1_ROI,R,0.954545454545455
TASK,206,1009,Language,R_SFL_ROI,R,0.630252100840336
TASK,207,1008,Posterior-Multimodal,R_PCV_ROI,R,0.707317073170732
TASK,208,1008,Posterior-Multimodal,R_STV_ROI,R,0.527027027027027
TASK,209,1008,Frontoparietal,R_7Pm_ROI,R,1
TASK,213,8,Default,R_v23ab_ROI,R,0.963414634146341
TASK,218,10,Cingulo-Opercular,R_23c_ROI,R,0.505576208178439
TASK,219,9,Somatomotor,R_5L_ROI,R,0.67005076142132
TASK,221,10,Somatomotor,R_24dv_ROI,R,0.757961783439491
TASK,222,9,Somatomotor,R_7AL_ROI,R,1
TASK,224,1009,Cingulo-Opercular,R_6ma_ROI,R,0.555023923444976
TASK,226,1008,Dorsal-Attention,R_7PL_ROI,R,0.987012987012987
TASK,227,9,Somatomotor,R_7PC_ROI,R,0.816326530612245
TASK,228,1008,Visual2,R_LIPv_ROI,R,0.772727272727273
TASK,229,1008,Visual2,R_VIP_ROI,R,0.504504504504505
TASK,230,1008,Dorsal-Attention,R_MIP_ROI,R,1
TASK,232,9,Somatomotor,R_2_ROI,R,0.875
TASK,237,10,Cingulo-Opercular,R_p24pr_ROI,R,0.869565217391304
TASK,239,10,Cingulo-Opercular,R_a24pr_ROI,R,0.830188679245283
TASK,242,1009,Frontoparietal,R_d32_ROI,R,0.983739837398374
TASK,243,1009,Frontoparietal,R_8BM_ROI,R,0.771428571428571
TASK,245,15,Default,R_10r_ROI,R,0.797297297297297
TASK,246,14,Default,R_47m_ROI,R,0.721311475409836
TASK,253,1009,Frontoparietal,R_8C_ROI,R,0.876543209876543
TASK,258,1009,Cingulo-Opercular,R_6r_ROI,R,0.627376425855513
TASK,259,1009,Language,R_IFJa_ROI,R,1
TASK,260,1009,Frontoparietal,R_IFJp_ROI,R,1
TASK,261,1009,Frontoparietal,R_IFSp_ROI,R,0.932330827067669
TASK,262,1009,Cingulo-Opercular,R_IFSa_ROI,R,0.730769230769231
TASK,263,1009,Frontoparietal,R_p9-46v_ROI,R,0.867403314917127
TASK,265,1009,Frontoparietal,R_a9-46v_ROI,R,0.894736842105263
TASK,266,1009,Cingulo-Opercular,R_9-46d_ROI,R,0.562248995983936
TASK,269,1009,Frontoparietal,R_a10p_ROI,R,0.661971830985916
TASK,271,1013,Frontoparietal,R_11l_ROI,R,0.568627450980392
TASK,275,1008,Dorsal-Attention,R_LIPd_ROI,R,1
TASK,276,1009,Dorsal-Attention,R_6a_ROI,R,0.660766961651917
TASK,277,1009,Frontoparietal,R_i6-8_ROI,R,0.98989898989899
TASK,278,1009,Frontoparietal,R_s6-8_ROI,R,0.976744186046512
TASK,279,9,Cingulo-Opercular,R_43_ROI,R,0.807407407407407
TASK,280,9,Somatomotor,R_OP4_ROI,R,0.674418604651163
TASK,281,9,Somatomotor,R_OP1_ROI,R,1
TASK,282,9,Somatomotor,R_OP2-3_ROI,R,0.574712643678161
TASK,283,9,Auditory,R_52_ROI,R,1
TASK,284,9,Somatomotor,R_RI_ROI,R,0.907563025210084
TASK,285,9,Cingulo-Opercular,R_PFcm_ROI,R,1
TASK,286,9,Cingulo-Opercular,R_PoI2_ROI,R,0.523255813953488
TASK,287,9,Auditory,R_TA2_ROI,R,0.765765765765766
TASK,291,1012,Frontoparietal,R_AVI_ROI,R,0.926666666666667
TASK,292,1012,Orbito-Affective,R_AAIC_ROI,R,1
TASK,294,9,Cingulo-Opercular,R_FOP3_ROI,R,0.946666666666667
TASK,295,9,Somatomotor,R_FOP2_ROI,R,0.976744186046512
TASK,296,9,Dorsal-Attention,R_PFt_ROI,R,0.792746113989637
TASK,299,1008,Default,R_PreS_ROI,R,0.644970414201183
TASK,301,1008,Visual1,R_ProS_ROI,R,0.969924812030075
TASK,302,1008,Ventral-Multimodal,R_PeEc_ROI,R,0.522435897435897
TASK,303,1011,Language,R_STGa_ROI,R,0.75
TASK,304,9,Auditory,R_PBelt_ROI,R,0.947916666666667
TASK,306,1008,Default,R_PHA1_ROI,R,0.598214285714286
TASK,307,1008,Dorsal-Attention,R_PHA3_ROI,R,0.988235294117647
TASK,309,1008,Language,R_STSdp_ROI,R,0.919047619047619
TASK,310,1008,Default,R_STSvp_ROI,R,0.781456953642384
TASK,313,1008,Frontoparietal,R_TE1p_ROI,R,0.787610619469027
TASK,315,1008,Ventral-Multimodal,R_TF_ROI,R,0.511182108626198
TASK,316,1008,Dorsal-Attention,R_TE2p_ROI,R,0.820689655172414
TASK,318,1008,Visual2,R_PH_ROI,R,0.872093023255814
TASK,319,1008,Language,R_TPOJ1_ROI,R,0.888888888888889
TASK,322,1008,Visual1,R_DVT_ROI,R,0.684615384615385
TASK,323,1008,Dorsal-Attention,R_PGp_ROI,R,0.620915032679739
TASK,324,1008,Frontoparietal,R_IP2_ROI,R,1
TASK,325,1008,Frontoparietal,R_IP1_ROI,R,1
TASK,326,1008,Dorsal-Attention,R_IP0_ROI,R,1
TASK,327,9,Cingulo-Opercular,R_PFop_ROI,R,0.838709677419355
TASK,328,9,Cingulo-Opercular,R_PF_ROI,R,0.618798955613577
TASK,329,1008,Frontoparietal,R_PFm_ROI,R,0.796178343949045
TASK,333,1008,Visual2,R_VMV1_ROI,R,1
TASK,334,1008,Visual2,R_VMV3_ROI,R,1
TASK,335,1008,Default,R_PHA2_ROI,R,0.672131147540984
TASK,336,1008,Visual2,R_V4t_ROI,R,1
TASK,338,1008,Visual2,R_V3CD_ROI,R,1
TASK,339,1008,Visual2,R_LO3_ROI,R,1
TASK,340,1008,Visual2,R_VMV2_ROI,R,1
TASK,343,1008,Visual2,R_VVC_ROI,R,1
TASK,347,9,Cingulo-Opercular,R_PoI1_ROI,R,0.865030674846626
TASK,350,1009,Frontoparietal,R_p10p_ROI,R,0.817567567567568
TASK,351,1009,Frontoparietal,R_p47r_ROI,R,0.81
TASK,353,9,Auditory,R_MBelt_ROI,R,1
TASK,354,9,Auditory,R_LBelt_ROI,R,1
TASK,355,9,Auditory,R_A4_ROI,R,0.695187165775401
TASK,359,1009,Cingulo-Opercular,R_a32pr_ROI,R,1
